2026-04-03 13:16:24,403 173738 INFO ? odoo: Odoo version 19.0 
2026-04-03 13:16:24,403 173738 INFO ? odoo: Using configuration file at /home/elmeri/Odoo/src/19/own.conf 
2026-04-03 13:16:24,403 173738 INFO ? odoo: addons paths: _NamespacePath(['/home/elmeri/Odoo/src/19/odoo/odoo/addons', '/home/elmeri/.local/share/Odoo/addons/19.0', '/home/elmeri/Odoo/src/19/tabularium', '/home/elmeri/Odoo/src/19/odoo/addons']) 
2026-04-03 13:16:24,403 173738 INFO ? odoo: upgrade path: ['/home/elmeri/Odoo/src/19/OpenUpgrade/openupgrade_scripts/scripts'] 
2026-04-03 13:16:24,403 173738 INFO ? odoo: database: default@default:default 
2026-04-03 13:16:24,574 173738 CRITICAL ? odoo.modules.module: Couldn't load module openupgrade_framework 
2026-04-03 13:16:24,574 173738 ERROR ? odoo.service.server: Failed to load server-wide module `openupgrade_framework`. 
Traceback (most recent call last):
  File "/home/elmeri/Odoo/src/19/odoo/odoo/service/server.py", line 1500, in load_server_wide_modules
    load_openerp_module(m)
    ~~~~~~~~~~~~~~~~~~~^^^
  File "/home/elmeri/Odoo/src/19/odoo/odoo/modules/module.py", line 505, in load_openerp_module
    __import__(qualname)
    ~~~~~~~~~~^^^^^^^^^^
ModuleNotFoundError: No module named 'odoo.addons.openupgrade_framework'
2026-04-03 13:16:24,604 173738 INFO eniemela_19 odoo.modules.loading: loading 1 modules... 
2026-04-03 13:16:24,604 173738 INFO eniemela_19 odoo.modules.loading: Loading module base (1/1) 
2026-04-03 13:16:24,606 173738 WARNING eniemela_19 odoo.modules.loading: Transient module states were reset 
2026-04-03 13:16:24,607 173738 ERROR eniemela_19 odoo.registry: Failed to load registry 
2026-04-03 13:16:24,607 173738 CRITICAL eniemela_19 odoo.service.server: Failed to initialize database `eniemela_19`. 
Traceback (most recent call last):
  File "/home/elmeri/Odoo/src/19/odoo/odoo/modules/migration.py", line 234, in exec_script
    mod = load_script(pyfile, name)
  File "/home/elmeri/Odoo/src/19/odoo/odoo/modules/module.py", line 621, in load_script
    spec.loader.exec_module(module)
    ~~~~~~~~~~~~~~~~~~~~~~~^^^^^^^^
  File "<frozen importlib._bootstrap_external>", line 1023, in exec_module
  File "<frozen importlib._bootstrap>", line 488, in _call_with_frames_removed
  File "/home/elmeri/Odoo/src/19/OpenUpgrade/openupgrade_scripts/scripts/base/19.0.1.3/pre-migration.py", line 7, in <module>
    from odoo.addons.openupgrade_scripts.apriori import merged_modules, renamed_modules
ModuleNotFoundError: No module named 'odoo.addons.openupgrade_scripts'

The above exception was the direct cause of the following exception:

Traceback (most recent call last):
  File "/home/elmeri/Odoo/src/19/odoo/odoo/service/server.py", line 1544, in preload_registries
    registry = Registry.new(dbname, update_module=update_module, install_modules=config['init'], upgrade_modules=config['update'], reinit_modules=config['reinit'])
  File "/home/elmeri/Odoo/src/19/odoo/odoo/tools/func.py", line 88, in locked
    return func(inst, *args, **kwargs)
  File "/home/elmeri/Odoo/src/19/odoo/odoo/orm/registry.py", line 199, in new
    load_modules(
    ~~~~~~~~~~~~^
        registry,
        ^^^^^^^^^
    ...<5 lines>...
        models_to_check=models_to_check,
        ^^^^^^^^^^^^^^^^^^^^^^^^^^^^^^^^
    )
    ^
  File "/home/elmeri/Odoo/src/19/odoo/odoo/modules/loading.py", line 405, in load_modules
    load_module_graph(
    ~~~~~~~~~~~~~~~~~^
        env,
        ^^^^
    ...<4 lines>...
        install_demo=new_db_demo,
        ^^^^^^^^^^^^^^^^^^^^^^^^^
    )
    ^
  File "/home/elmeri/Odoo/src/19/odoo/odoo/modules/loading.py", line 174, in load_module_graph
    migrations.migrate_module(package, 'pre')
    ~~~~~~~~~~~~~~~~~~~~~~~~~^^^^^^^^^^^^^^^^
  File "/home/elmeri/Odoo/src/19/odoo/odoo/modules/migration.py", line 220, in migrate_module
    exec_script(self.cr, installed_version, pyfile, pkg.name, stage, stageformat[stage] % version)
    ~~~~~~~~~~~^^^^^^^^^^^^^^^^^^^^^^^^^^^^^^^^^^^^^^^^^^^^^^^^^^^^^^^^^^^^^^^^^^^^^^^^^^^^^^^^^^^
  File "/home/elmeri/Odoo/src/19/odoo/odoo/modules/migration.py", line 236, in exec_script
    raise ImportError('module %(addon)s: Unable to load %(stage)s-migration file %(file)s' % dict(locals(), file=pyfile)) from e
ImportError: module base: Unable to load pre-migration file /home/elmeri/Odoo/src/19/OpenUpgrade/openupgrade_scripts/scripts/base/19.0.1.3/pre-migration.py
2026-04-03 13:16:24,608 173738 INFO eniemela_19 odoo.service.server: Initiating shutdown 
2026-04-03 13:16:24,608 173738 INFO eniemela_19 odoo.service.server: Hit CTRL-C again or send a second signal to force the shutdown. 
2026-04-03 13:16:24,608 173738 INFO eniemela_19 odoo.sql_db: ConnectionPool(read/write;used=0/count=0/max=64): Closed 1 connections  
2026-04-03 13:17:35,119 174186 INFO ? odoo: Odoo version 19.0 
2026-04-03 13:17:35,119 174186 INFO ? odoo: Using configuration file at /home/elmeri/Odoo/src/19/own.conf 
2026-04-03 13:17:35,119 174186 INFO ? odoo: addons paths: _NamespacePath(['/home/elmeri/Odoo/src/19/odoo/odoo/addons', '/home/elmeri/.local/share/Odoo/addons/19.0', '/home/elmeri/Odoo/src/19/OpenUpgrade', '/home/elmeri/Odoo/src/19/odoo/addons']) 
2026-04-03 13:17:35,119 174186 INFO ? odoo: upgrade path: ['/home/elmeri/Odoo/src/19/OpenUpgrade/openupgrade_scripts/scripts'] 
2026-04-03 13:17:35,119 174186 INFO ? odoo: database: default@default:default 
2026-04-03 13:17:35,437 174186 INFO eniemela_19 odoo.modules.loading: loading 1 modules... 
2026-04-03 13:17:35,438 174186 INFO eniemela_19 odoo.modules.loading: Loading module base (1/1) 
2026-04-03 13:17:35,438 174186 INFO eniemela_19 odoo.modules.migration: module base: Running migration [>19.0.1.3] pre-migration 
2026-04-03 13:17:35,464 174186 INFO eniemela_19 OpenUpgrade: base: pre-migration script called with version 18.0.1.3 
2026-04-03 13:17:35,466 174186 DEBUG eniemela_19 OpenUpgrade: 754 rows affected after 0:00:00.002290 running 
        CREATE TABLE openupgrade_legacy_19_0_ir_module_module AS (SELECT name, state FROM ir_module_module);
         
2026-04-03 13:17:35,467 174186 DEBUG eniemela_19 OpenUpgrade: 1 rows affected after 0:00:00.000242 running UPDATE ir_module_module SET name = 'l10n_ec_sale' WHERE name = 'l10n_ec_website_sale' 
2026-04-03 13:17:35,468 174186 DEBUG eniemela_19 OpenUpgrade: 1 rows affected after 0:00:00.001021 running UPDATE ir_model_data SET name = 'module_l10n_ec_sale' WHERE name = 'module_l10n_ec_website_sale' AND module = 'base' AND model='ir.module.module'  
2026-04-03 13:17:35,469 174186 DEBUG eniemela_19 OpenUpgrade: 0 rows affected after 0:00:00.000498 running UPDATE ir_model_data SET module = 'l10n_ec_sale' WHERE module = 'l10n_ec_website_sale' AND name NOT IN (SELECT name FROM ir_model_data WHERE module = 'l10n_ec_sale') 
2026-04-03 13:17:35,470 174186 DEBUG eniemela_19 OpenUpgrade: 0 rows affected after 0:00:00.000525 running UPDATE ir_model_data SET name = name || '_openupgrade_' || id, module = 'l10n_ec_sale', noupdate = FALSE WHERE module = 'l10n_ec_website_sale' 
2026-04-03 13:17:35,470 174186 DEBUG eniemela_19 OpenUpgrade: 0 rows affected after 0:00:00.000576 running UPDATE ir_module_module_dependency SET name = 'l10n_ec_sale' WHERE name = 'l10n_ec_website_sale' 
2026-04-03 13:17:35,471 174186 DEBUG eniemela_19 OpenUpgrade: 1 rows affected after 0:00:00.000339 running UPDATE ir_module_module SET name = 'l10n_in_ewaybill' WHERE name = 'l10n_in_edi_ewaybill' 
2026-04-03 13:17:35,472 174186 DEBUG eniemela_19 OpenUpgrade: 1 rows affected after 0:00:00.000371 running UPDATE ir_model_data SET name = 'module_l10n_in_ewaybill' WHERE name = 'module_l10n_in_edi_ewaybill' AND module = 'base' AND model='ir.module.module'  
2026-04-03 13:17:35,472 174186 DEBUG eniemela_19 OpenUpgrade: 0 rows affected after 0:00:00.000318 running UPDATE ir_model_data SET module = 'l10n_in_ewaybill' WHERE module = 'l10n_in_edi_ewaybill' AND name NOT IN (SELECT name FROM ir_model_data WHERE module = 'l10n_in_ewaybill') 
2026-04-03 13:17:35,473 174186 DEBUG eniemela_19 OpenUpgrade: 0 rows affected after 0:00:00.000227 running UPDATE ir_model_data SET name = name || '_openupgrade_' || id, module = 'l10n_in_ewaybill', noupdate = FALSE WHERE module = 'l10n_in_edi_ewaybill' 
2026-04-03 13:17:35,473 174186 DEBUG eniemela_19 OpenUpgrade: 2 rows affected after 0:00:00.000337 running UPDATE ir_module_module_dependency SET name = 'l10n_in_ewaybill' WHERE name = 'l10n_in_edi_ewaybill' 
2026-04-03 13:17:35,473 174186 DEBUG eniemela_19 OpenUpgrade: 1 rows affected after 0:00:00.000259 running UPDATE ir_module_module SET name = 'partnership' WHERE name = 'membership' 
2026-04-03 13:17:35,474 174186 DEBUG eniemela_19 OpenUpgrade: 1 rows affected after 0:00:00.000179 running UPDATE ir_model_data SET name = 'module_partnership' WHERE name = 'module_membership' AND module = 'base' AND model='ir.module.module'  
2026-04-03 13:17:35,474 174186 DEBUG eniemela_19 OpenUpgrade: 0 rows affected after 0:00:00.000116 running UPDATE ir_model_data SET module = 'partnership' WHERE module = 'membership' AND name NOT IN (SELECT name FROM ir_model_data WHERE module = 'partnership') 
2026-04-03 13:17:35,474 174186 DEBUG eniemela_19 OpenUpgrade: 0 rows affected after 0:00:00.000087 running UPDATE ir_model_data SET name = name || '_openupgrade_' || id, module = 'partnership', noupdate = FALSE WHERE module = 'membership' 
2026-04-03 13:17:35,474 174186 DEBUG eniemela_19 OpenUpgrade: 1 rows affected after 0:00:00.000093 running UPDATE ir_module_module_dependency SET name = 'partnership' WHERE name = 'membership' 
2026-04-03 13:17:35,474 174186 DEBUG eniemela_19 OpenUpgrade: 1 rows affected after 0:00:00.000087 running UPDATE ir_module_module SET name = 'pos_viva_com' WHERE name = 'pos_viva_wallet' 
2026-04-03 13:17:35,475 174186 DEBUG eniemela_19 OpenUpgrade: 1 rows affected after 0:00:00.000111 running UPDATE ir_model_data SET name = 'module_pos_viva_com' WHERE name = 'module_pos_viva_wallet' AND module = 'base' AND model='ir.module.module'  
2026-04-03 13:17:35,475 174186 DEBUG eniemela_19 OpenUpgrade: 0 rows affected after 0:00:00.000099 running UPDATE ir_model_data SET module = 'pos_viva_com' WHERE module = 'pos_viva_wallet' AND name NOT IN (SELECT name FROM ir_model_data WHERE module = 'pos_viva_com') 
2026-04-03 13:17:35,475 174186 DEBUG eniemela_19 OpenUpgrade: 0 rows affected after 0:00:00.000076 running UPDATE ir_model_data SET name = name || '_openupgrade_' || id, module = 'pos_viva_com', noupdate = FALSE WHERE module = 'pos_viva_wallet' 
2026-04-03 13:17:35,475 174186 DEBUG eniemela_19 OpenUpgrade: 0 rows affected after 0:00:00.000062 running UPDATE ir_module_module_dependency SET name = 'pos_viva_com' WHERE name = 'pos_viva_wallet' 
2026-04-03 13:17:35,475 174186 DEBUG eniemela_19 OpenUpgrade: 0 rows affected after 0:00:00.000319 running DELETE FROM ir_model_constraint WHERE module = 2363 
2026-04-03 13:17:35,476 174186 DEBUG eniemela_19 OpenUpgrade: 0 rows affected after 0:00:00.000226 running DELETE FROM ir_model_relation WHERE module = 2363 
2026-04-03 13:17:35,476 174186 DEBUG eniemela_19 OpenUpgrade: 0 rows affected after 0:00:00.000109 running UPDATE ir_model_data SET module = 'account_edi_ubl_cii' WHERE module = 'account_edi_ubl_cii_tax_extension' AND name NOT IN (SELECT name FROM ir_model_data WHERE module = 'account_edi_ubl_cii') 
2026-04-03 13:17:35,476 174186 DEBUG eniemela_19 OpenUpgrade: 0 rows affected after 0:00:00.000072 running UPDATE ir_model_data SET name = name || '_openupgrade_' || id, module = 'account_edi_ubl_cii', noupdate = FALSE WHERE module = 'account_edi_ubl_cii_tax_extension' 
2026-04-03 13:17:35,476 174186 DEBUG eniemela_19 OpenUpgrade: 2 rows affected after 0:00:00.000088 running UPDATE ir_module_module_dependency SET name = 'account_edi_ubl_cii' WHERE name = 'account_edi_ubl_cii_tax_extension' 
2026-04-03 13:17:35,476 174186 DEBUG eniemela_19 OpenUpgrade: 1 rows affected after 0:00:00.000130 running UPDATE ir_module_module m1 SET state=m2.state, latest_version=m2.latest_version FROM ir_module_module m2 WHERE m1.name='account_edi_ubl_cii' AND m2.name='account_edi_ubl_cii_tax_extension' AND m1.state='uninstalled' 
2026-04-03 13:17:35,478 174186 DEBUG eniemela_19 OpenUpgrade: 1 rows affected after 0:00:00.001239 running DELETE FROM ir_module_module WHERE name = 'account_edi_ubl_cii_tax_extension' 
2026-04-03 13:17:35,478 174186 DEBUG eniemela_19 OpenUpgrade: 1 rows affected after 0:00:00.000130 running DELETE FROM ir_model_data WHERE module = 'base' AND model='ir.module.module' AND name = 'module_account_edi_ubl_cii_tax_extension' 
2026-04-03 13:17:35,478 174186 DEBUG eniemela_19 OpenUpgrade: 0 rows affected after 0:00:00.000090 running UPDATE ir_model_data SET module = 'account_peppol' WHERE module = 'account_peppol_selfbilling' AND name NOT IN (SELECT name FROM ir_model_data WHERE module = 'account_peppol') 
2026-04-03 13:17:35,478 174186 DEBUG eniemela_19 OpenUpgrade: 0 rows affected after 0:00:00.000077 running UPDATE ir_model_data SET name = name || '_openupgrade_' || id, module = 'account_peppol', noupdate = FALSE WHERE module = 'account_peppol_selfbilling' 
2026-04-03 13:17:35,478 174186 DEBUG eniemela_19 OpenUpgrade: 0 rows affected after 0:00:00.000060 running UPDATE ir_module_module_dependency SET name = 'account_peppol' WHERE name = 'account_peppol_selfbilling' 
2026-04-03 13:17:35,478 174186 DEBUG eniemela_19 OpenUpgrade: 0 rows affected after 0:00:00.000099 running UPDATE ir_module_module m1 SET state=m2.state, latest_version=m2.latest_version FROM ir_module_module m2 WHERE m1.name='account_peppol' AND m2.name='account_peppol_selfbilling' AND m1.state='uninstalled' 
2026-04-03 13:17:35,478 174186 DEBUG eniemela_19 OpenUpgrade: 0 rows affected after 0:00:00.000053 running DELETE FROM ir_module_module WHERE name = 'account_peppol_selfbilling' 
2026-04-03 13:17:35,479 174186 DEBUG eniemela_19 OpenUpgrade: 0 rows affected after 0:00:00.000065 running DELETE FROM ir_model_data WHERE module = 'base' AND model='ir.module.module' AND name = 'module_account_peppol_selfbilling' 
2026-04-03 13:17:35,479 174186 DEBUG eniemela_19 OpenUpgrade: 0 rows affected after 0:00:00.000156 running DELETE FROM ir_model_constraint WHERE module = 2311 
2026-04-03 13:17:35,479 174186 DEBUG eniemela_19 OpenUpgrade: 0 rows affected after 0:00:00.000120 running DELETE FROM ir_model_relation WHERE module = 2311 
2026-04-03 13:17:35,480 174186 DEBUG eniemela_19 OpenUpgrade: 0 rows affected after 0:00:00.000113 running UPDATE ir_model_data SET module = 'auth_totp_mail' WHERE module = 'auth_totp_mail_enforce' AND name NOT IN (SELECT name FROM ir_model_data WHERE module = 'auth_totp_mail') 
2026-04-03 13:17:35,480 174186 DEBUG eniemela_19 OpenUpgrade: 0 rows affected after 0:00:00.000077 running UPDATE ir_model_data SET name = name || '_openupgrade_' || id, module = 'auth_totp_mail', noupdate = FALSE WHERE module = 'auth_totp_mail_enforce' 
2026-04-03 13:17:35,480 174186 DEBUG eniemela_19 OpenUpgrade: 0 rows affected after 0:00:00.000060 running UPDATE ir_module_module_dependency SET name = 'auth_totp_mail' WHERE name = 'auth_totp_mail_enforce' 
2026-04-03 13:17:35,480 174186 DEBUG eniemela_19 OpenUpgrade: 1 rows affected after 0:00:00.000136 running UPDATE ir_module_module m1 SET state=m2.state, latest_version=m2.latest_version FROM ir_module_module m2 WHERE m1.name='auth_totp_mail' AND m2.name='auth_totp_mail_enforce' AND m1.state='uninstalled' 
2026-04-03 13:17:35,480 174186 DEBUG eniemela_19 OpenUpgrade: 1 rows affected after 0:00:00.000304 running DELETE FROM ir_module_module WHERE name = 'auth_totp_mail_enforce' 
2026-04-03 13:17:35,480 174186 DEBUG eniemela_19 OpenUpgrade: 1 rows affected after 0:00:00.000083 running DELETE FROM ir_model_data WHERE module = 'base' AND model='ir.module.module' AND name = 'module_auth_totp_mail_enforce' 
2026-04-03 13:17:35,481 174186 DEBUG eniemela_19 OpenUpgrade: 0 rows affected after 0:00:00.000051 running DELETE FROM ir_model_constraint WHERE module = 2038 
2026-04-03 13:17:35,481 174186 DEBUG eniemela_19 OpenUpgrade: 0 rows affected after 0:00:00.000053 running DELETE FROM ir_model_relation WHERE module = 2038 
2026-04-03 13:17:35,481 174186 DEBUG eniemela_19 OpenUpgrade: 0 rows affected after 0:00:00.000089 running UPDATE ir_model_data SET module = 'hr' WHERE module = 'hr_contract' AND name NOT IN (SELECT name FROM ir_model_data WHERE module = 'hr') 
2026-04-03 13:17:35,481 174186 DEBUG eniemela_19 OpenUpgrade: 0 rows affected after 0:00:00.000070 running UPDATE ir_model_data SET name = name || '_openupgrade_' || id, module = 'hr', noupdate = FALSE WHERE module = 'hr_contract' 
2026-04-03 13:17:35,481 174186 DEBUG eniemela_19 OpenUpgrade: 3 rows affected after 0:00:00.000101 running UPDATE ir_module_module_dependency SET name = 'hr' WHERE name = 'hr_contract' 
2026-04-03 13:17:35,481 174186 DEBUG eniemela_19 OpenUpgrade: 1 rows affected after 0:00:00.000108 running UPDATE ir_module_module m1 SET state=m2.state, latest_version=m2.latest_version FROM ir_module_module m2 WHERE m1.name='hr' AND m2.name='hr_contract' AND m1.state='uninstalled' 
2026-04-03 13:17:35,482 174186 DEBUG eniemela_19 OpenUpgrade: 1 rows affected after 0:00:00.000284 running DELETE FROM ir_module_module WHERE name = 'hr_contract' 
2026-04-03 13:17:35,482 174186 DEBUG eniemela_19 OpenUpgrade: 1 rows affected after 0:00:00.000087 running DELETE FROM ir_model_data WHERE module = 'base' AND model='ir.module.module' AND name = 'module_hr_contract' 
2026-04-03 13:17:35,482 174186 DEBUG eniemela_19 OpenUpgrade: 0 rows affected after 0:00:00.000050 running DELETE FROM ir_model_constraint WHERE module = 2488 
2026-04-03 13:17:35,482 174186 DEBUG eniemela_19 OpenUpgrade: 0 rows affected after 0:00:00.000059 running DELETE FROM ir_model_relation WHERE module = 2488 
2026-04-03 13:17:35,482 174186 DEBUG eniemela_19 OpenUpgrade: 0 rows affected after 0:00:00.000085 running UPDATE ir_model_data SET module = 'hr_holidays' WHERE module = 'hr_holidays_contract' AND name NOT IN (SELECT name FROM ir_model_data WHERE module = 'hr_holidays') 
2026-04-03 13:17:35,482 174186 DEBUG eniemela_19 OpenUpgrade: 0 rows affected after 0:00:00.000068 running UPDATE ir_model_data SET name = name || '_openupgrade_' || id, module = 'hr_holidays', noupdate = FALSE WHERE module = 'hr_holidays_contract' 
2026-04-03 13:17:35,482 174186 DEBUG eniemela_19 OpenUpgrade: 1 rows affected after 0:00:00.000070 running UPDATE ir_module_module_dependency SET name = 'hr_holidays' WHERE name = 'hr_holidays_contract' 
2026-04-03 13:17:35,483 174186 DEBUG eniemela_19 OpenUpgrade: 1 rows affected after 0:00:00.000122 running UPDATE ir_module_module m1 SET state=m2.state, latest_version=m2.latest_version FROM ir_module_module m2 WHERE m1.name='hr_holidays' AND m2.name='hr_holidays_contract' AND m1.state='uninstalled' 
2026-04-03 13:17:35,483 174186 DEBUG eniemela_19 OpenUpgrade: 1 rows affected after 0:00:00.000294 running DELETE FROM ir_module_module WHERE name = 'hr_holidays_contract' 
2026-04-03 13:17:35,483 174186 DEBUG eniemela_19 OpenUpgrade: 1 rows affected after 0:00:00.000078 running DELETE FROM ir_model_data WHERE module = 'base' AND model='ir.module.module' AND name = 'module_hr_holidays_contract' 
2026-04-03 13:17:35,483 174186 DEBUG eniemela_19 OpenUpgrade: 0 rows affected after 0:00:00.000049 running DELETE FROM ir_model_constraint WHERE module = 1992 
2026-04-03 13:17:35,483 174186 DEBUG eniemela_19 OpenUpgrade: 0 rows affected after 0:00:00.000048 running DELETE FROM ir_model_relation WHERE module = 1992 
2026-04-03 13:17:35,483 174186 DEBUG eniemela_19 OpenUpgrade: 0 rows affected after 0:00:00.000080 running UPDATE ir_model_data SET module = 'hr_work_entry' WHERE module = 'hr_work_entry_contract' AND name NOT IN (SELECT name FROM ir_model_data WHERE module = 'hr_work_entry') 
2026-04-03 13:17:35,483 174186 DEBUG eniemela_19 OpenUpgrade: 0 rows affected after 0:00:00.000065 running UPDATE ir_model_data SET name = name || '_openupgrade_' || id, module = 'hr_work_entry', noupdate = FALSE WHERE module = 'hr_work_entry_contract' 
2026-04-03 13:17:35,484 174186 DEBUG eniemela_19 OpenUpgrade: 1 rows affected after 0:00:00.000072 running UPDATE ir_module_module_dependency SET name = 'hr_work_entry' WHERE name = 'hr_work_entry_contract' 
2026-04-03 13:17:35,484 174186 DEBUG eniemela_19 OpenUpgrade: 1 rows affected after 0:00:00.000109 running UPDATE ir_module_module m1 SET state=m2.state, latest_version=m2.latest_version FROM ir_module_module m2 WHERE m1.name='hr_work_entry' AND m2.name='hr_work_entry_contract' AND m1.state='uninstalled' 
2026-04-03 13:17:35,484 174186 DEBUG eniemela_19 OpenUpgrade: 1 rows affected after 0:00:00.000285 running DELETE FROM ir_module_module WHERE name = 'hr_work_entry_contract' 
2026-04-03 13:17:35,484 174186 DEBUG eniemela_19 OpenUpgrade: 1 rows affected after 0:00:00.000073 running DELETE FROM ir_model_data WHERE module = 'base' AND model='ir.module.module' AND name = 'module_hr_work_entry_contract' 
2026-04-03 13:17:35,484 174186 DEBUG eniemela_19 OpenUpgrade: 0 rows affected after 0:00:00.000047 running DELETE FROM ir_model_constraint WHERE module = 2396 
2026-04-03 13:17:35,484 174186 DEBUG eniemela_19 OpenUpgrade: 0 rows affected after 0:00:00.000048 running DELETE FROM ir_model_relation WHERE module = 2396 
2026-04-03 13:17:35,485 174186 DEBUG eniemela_19 OpenUpgrade: 0 rows affected after 0:00:00.000080 running UPDATE ir_model_data SET module = 'l10n_es' WHERE module = 'l10n_es_modelo130' AND name NOT IN (SELECT name FROM ir_model_data WHERE module = 'l10n_es') 
2026-04-03 13:17:35,485 174186 DEBUG eniemela_19 OpenUpgrade: 0 rows affected after 0:00:00.000065 running UPDATE ir_model_data SET name = name || '_openupgrade_' || id, module = 'l10n_es', noupdate = FALSE WHERE module = 'l10n_es_modelo130' 
2026-04-03 13:17:35,485 174186 DEBUG eniemela_19 OpenUpgrade: 0 rows affected after 0:00:00.000055 running UPDATE ir_module_module_dependency SET name = 'l10n_es' WHERE name = 'l10n_es_modelo130' 
2026-04-03 13:17:35,485 174186 DEBUG eniemela_19 OpenUpgrade: 1 rows affected after 0:00:00.000101 running UPDATE ir_module_module m1 SET state=m2.state, latest_version=m2.latest_version FROM ir_module_module m2 WHERE m1.name='l10n_es' AND m2.name='l10n_es_modelo130' AND m1.state='uninstalled' 
2026-04-03 13:17:35,485 174186 DEBUG eniemela_19 OpenUpgrade: 1 rows affected after 0:00:00.000342 running DELETE FROM ir_module_module WHERE name = 'l10n_es_modelo130' 
2026-04-03 13:17:35,485 174186 DEBUG eniemela_19 OpenUpgrade: 1 rows affected after 0:00:00.000076 running DELETE FROM ir_model_data WHERE module = 'base' AND model='ir.module.module' AND name = 'module_l10n_es_modelo130' 
2026-04-03 13:17:35,486 174186 DEBUG eniemela_19 OpenUpgrade: 0 rows affected after 0:00:00.000047 running DELETE FROM ir_model_constraint WHERE module = 1950 
2026-04-03 13:17:35,486 174186 DEBUG eniemela_19 OpenUpgrade: 0 rows affected after 0:00:00.000049 running DELETE FROM ir_model_relation WHERE module = 1950 
2026-04-03 13:17:35,486 174186 DEBUG eniemela_19 OpenUpgrade: 0 rows affected after 0:00:00.000082 running UPDATE ir_model_data SET module = 'l10n_id_efaktur_coretax' WHERE module = 'l10n_id_efaktur' AND name NOT IN (SELECT name FROM ir_model_data WHERE module = 'l10n_id_efaktur_coretax') 
2026-04-03 13:17:35,486 174186 DEBUG eniemela_19 OpenUpgrade: 0 rows affected after 0:00:00.000064 running UPDATE ir_model_data SET name = name || '_openupgrade_' || id, module = 'l10n_id_efaktur_coretax', noupdate = FALSE WHERE module = 'l10n_id_efaktur' 
2026-04-03 13:17:35,486 174186 DEBUG eniemela_19 OpenUpgrade: 1 rows affected after 0:00:00.000071 running UPDATE ir_module_module_dependency SET name = 'l10n_id_efaktur_coretax' WHERE name = 'l10n_id_efaktur' 
2026-04-03 13:17:35,486 174186 DEBUG eniemela_19 OpenUpgrade: 1 rows affected after 0:00:00.000101 running UPDATE ir_module_module m1 SET state=m2.state, latest_version=m2.latest_version FROM ir_module_module m2 WHERE m1.name='l10n_id_efaktur_coretax' AND m2.name='l10n_id_efaktur' AND m1.state='uninstalled' 
2026-04-03 13:17:35,486 174186 DEBUG eniemela_19 OpenUpgrade: 1 rows affected after 0:00:00.000207 running DELETE FROM ir_module_module WHERE name = 'l10n_id_efaktur' 
2026-04-03 13:17:35,486 174186 DEBUG eniemela_19 OpenUpgrade: 1 rows affected after 0:00:00.000075 running DELETE FROM ir_model_data WHERE module = 'base' AND model='ir.module.module' AND name = 'module_l10n_id_efaktur' 
2026-04-03 13:17:35,487 174186 DEBUG eniemela_19 OpenUpgrade: 0 rows affected after 0:00:00.000052 running DELETE FROM ir_model_constraint WHERE module = 2495 
2026-04-03 13:17:35,487 174186 DEBUG eniemela_19 OpenUpgrade: 0 rows affected after 0:00:00.000051 running DELETE FROM ir_model_relation WHERE module = 2495 
2026-04-03 13:17:35,487 174186 DEBUG eniemela_19 OpenUpgrade: 0 rows affected after 0:00:00.000081 running UPDATE ir_model_data SET module = 'l10n_in' WHERE module = 'l10n_in_gstin_status' AND name NOT IN (SELECT name FROM ir_model_data WHERE module = 'l10n_in') 
2026-04-03 13:17:35,487 174186 DEBUG eniemela_19 OpenUpgrade: 0 rows affected after 0:00:00.000065 running UPDATE ir_model_data SET name = name || '_openupgrade_' || id, module = 'l10n_in', noupdate = FALSE WHERE module = 'l10n_in_gstin_status' 
2026-04-03 13:17:35,487 174186 DEBUG eniemela_19 OpenUpgrade: 0 rows affected after 0:00:00.000053 running UPDATE ir_module_module_dependency SET name = 'l10n_in' WHERE name = 'l10n_in_gstin_status' 
2026-04-03 13:17:35,487 174186 DEBUG eniemela_19 OpenUpgrade: 1 rows affected after 0:00:00.000098 running UPDATE ir_module_module m1 SET state=m2.state, latest_version=m2.latest_version FROM ir_module_module m2 WHERE m1.name='l10n_in' AND m2.name='l10n_in_gstin_status' AND m1.state='uninstalled' 
2026-04-03 13:17:35,487 174186 DEBUG eniemela_19 OpenUpgrade: 1 rows affected after 0:00:00.000206 running DELETE FROM ir_module_module WHERE name = 'l10n_in_gstin_status' 
2026-04-03 13:17:35,488 174186 DEBUG eniemela_19 OpenUpgrade: 1 rows affected after 0:00:00.000073 running DELETE FROM ir_model_data WHERE module = 'base' AND model='ir.module.module' AND name = 'module_l10n_in_gstin_status' 
2026-04-03 13:17:35,488 174186 DEBUG eniemela_19 OpenUpgrade: 0 rows affected after 0:00:00.000047 running DELETE FROM ir_model_constraint WHERE module = 2408 
2026-04-03 13:17:35,488 174186 DEBUG eniemela_19 OpenUpgrade: 0 rows affected after 0:00:00.000048 running DELETE FROM ir_model_relation WHERE module = 2408 
2026-04-03 13:17:35,488 174186 DEBUG eniemela_19 OpenUpgrade: 0 rows affected after 0:00:00.000125 running UPDATE ir_model_data SET module = 'l10n_in' WHERE module = 'l10n_in_withholding' AND name NOT IN (SELECT name FROM ir_model_data WHERE module = 'l10n_in') 
2026-04-03 13:17:35,488 174186 DEBUG eniemela_19 OpenUpgrade: 0 rows affected after 0:00:00.000082 running UPDATE ir_model_data SET name = name || '_openupgrade_' || id, module = 'l10n_in', noupdate = FALSE WHERE module = 'l10n_in_withholding' 
2026-04-03 13:17:35,488 174186 DEBUG eniemela_19 OpenUpgrade: 1 rows affected after 0:00:00.000084 running UPDATE ir_module_module_dependency SET name = 'l10n_in' WHERE name = 'l10n_in_withholding' 
2026-04-03 13:17:35,490 174186 DEBUG eniemela_19 OpenUpgrade: 1 rows affected after 0:00:00.001636 running UPDATE ir_module_module m1 SET state=m2.state, latest_version=m2.latest_version FROM ir_module_module m2 WHERE m1.name='l10n_in' AND m2.name='l10n_in_withholding' AND m1.state='uninstalled' 
2026-04-03 13:17:35,490 174186 DEBUG eniemela_19 OpenUpgrade: 1 rows affected after 0:00:00.000276 running DELETE FROM ir_module_module WHERE name = 'l10n_in_withholding' 
2026-04-03 13:17:35,490 174186 DEBUG eniemela_19 OpenUpgrade: 1 rows affected after 0:00:00.000094 running DELETE FROM ir_model_data WHERE module = 'base' AND model='ir.module.module' AND name = 'module_l10n_in_withholding' 
2026-04-03 13:17:35,491 174186 DEBUG eniemela_19 OpenUpgrade: 0 rows affected after 0:00:00.000199 running DELETE FROM ir_model_constraint WHERE module = 2497 
2026-04-03 13:17:35,491 174186 DEBUG eniemela_19 OpenUpgrade: 0 rows affected after 0:00:00.000087 running DELETE FROM ir_model_relation WHERE module = 2497 
2026-04-03 13:17:35,491 174186 DEBUG eniemela_19 OpenUpgrade: 0 rows affected after 0:00:00.000103 running UPDATE ir_model_data SET module = 'l10n_in' WHERE module = 'l10n_in_withholding_payment' AND name NOT IN (SELECT name FROM ir_model_data WHERE module = 'l10n_in') 
2026-04-03 13:17:35,491 174186 DEBUG eniemela_19 OpenUpgrade: 0 rows affected after 0:00:00.000075 running UPDATE ir_model_data SET name = name || '_openupgrade_' || id, module = 'l10n_in', noupdate = FALSE WHERE module = 'l10n_in_withholding_payment' 
2026-04-03 13:17:35,491 174186 DEBUG eniemela_19 OpenUpgrade: 0 rows affected after 0:00:00.000058 running UPDATE ir_module_module_dependency SET name = 'l10n_in' WHERE name = 'l10n_in_withholding_payment' 
2026-04-03 13:17:35,492 174186 DEBUG eniemela_19 OpenUpgrade: 1 rows affected after 0:00:00.000216 running UPDATE ir_module_module m1 SET state=m2.state, latest_version=m2.latest_version FROM ir_module_module m2 WHERE m1.name='l10n_in' AND m2.name='l10n_in_withholding_payment' AND m1.state='uninstalled' 
2026-04-03 13:17:35,492 174186 DEBUG eniemela_19 OpenUpgrade: 1 rows affected after 0:00:00.000218 running DELETE FROM ir_module_module WHERE name = 'l10n_in_withholding_payment' 
2026-04-03 13:17:35,492 174186 DEBUG eniemela_19 OpenUpgrade: 1 rows affected after 0:00:00.000077 running DELETE FROM ir_model_data WHERE module = 'base' AND model='ir.module.module' AND name = 'module_l10n_in_withholding_payment' 
2026-04-03 13:17:35,492 174186 DEBUG eniemela_19 OpenUpgrade: 0 rows affected after 0:00:00.000050 running DELETE FROM ir_model_constraint WHERE module = 2411 
2026-04-03 13:17:35,492 174186 DEBUG eniemela_19 OpenUpgrade: 0 rows affected after 0:00:00.000049 running DELETE FROM ir_model_relation WHERE module = 2411 
2026-04-03 13:17:35,492 174186 DEBUG eniemela_19 OpenUpgrade: 0 rows affected after 0:00:00.000081 running UPDATE ir_model_data SET module = 'l10n_it_edi' WHERE module = 'l10n_it_edi_ndd' AND name NOT IN (SELECT name FROM ir_model_data WHERE module = 'l10n_it_edi') 
2026-04-03 13:17:35,493 174186 DEBUG eniemela_19 OpenUpgrade: 0 rows affected after 0:00:00.000067 running UPDATE ir_model_data SET name = name || '_openupgrade_' || id, module = 'l10n_it_edi', noupdate = FALSE WHERE module = 'l10n_it_edi_ndd' 
2026-04-03 13:17:35,493 174186 DEBUG eniemela_19 OpenUpgrade: 1 rows affected after 0:00:00.000078 running UPDATE ir_module_module_dependency SET name = 'l10n_it_edi' WHERE name = 'l10n_it_edi_ndd' 
2026-04-03 13:17:35,493 174186 DEBUG eniemela_19 OpenUpgrade: 1 rows affected after 0:00:00.000104 running UPDATE ir_module_module m1 SET state=m2.state, latest_version=m2.latest_version FROM ir_module_module m2 WHERE m1.name='l10n_it_edi' AND m2.name='l10n_it_edi_ndd' AND m1.state='uninstalled' 
2026-04-03 13:17:35,493 174186 DEBUG eniemela_19 OpenUpgrade: 1 rows affected after 0:00:00.000208 running DELETE FROM ir_module_module WHERE name = 'l10n_it_edi_ndd' 
2026-04-03 13:17:35,493 174186 DEBUG eniemela_19 OpenUpgrade: 1 rows affected after 0:00:00.000085 running DELETE FROM ir_model_data WHERE module = 'base' AND model='ir.module.module' AND name = 'module_l10n_it_edi_ndd' 
2026-04-03 13:17:35,493 174186 DEBUG eniemela_19 OpenUpgrade: 0 rows affected after 0:00:00.000048 running DELETE FROM ir_model_constraint WHERE module = 2549 
2026-04-03 13:17:35,493 174186 DEBUG eniemela_19 OpenUpgrade: 0 rows affected after 0:00:00.000049 running DELETE FROM ir_model_relation WHERE module = 2549 
2026-04-03 13:17:35,494 174186 DEBUG eniemela_19 OpenUpgrade: 0 rows affected after 0:00:00.000079 running UPDATE ir_model_data SET module = 'l10n_it_edi' WHERE module = 'l10n_it_edi_ndd_account_dn' AND name NOT IN (SELECT name FROM ir_model_data WHERE module = 'l10n_it_edi') 
2026-04-03 13:17:35,494 174186 DEBUG eniemela_19 OpenUpgrade: 0 rows affected after 0:00:00.000070 running UPDATE ir_model_data SET name = name || '_openupgrade_' || id, module = 'l10n_it_edi', noupdate = FALSE WHERE module = 'l10n_it_edi_ndd_account_dn' 
2026-04-03 13:17:35,494 174186 DEBUG eniemela_19 OpenUpgrade: 0 rows affected after 0:00:00.000053 running UPDATE ir_module_module_dependency SET name = 'l10n_it_edi' WHERE name = 'l10n_it_edi_ndd_account_dn' 
2026-04-03 13:17:35,494 174186 DEBUG eniemela_19 OpenUpgrade: 1 rows affected after 0:00:00.000175 running UPDATE ir_module_module m1 SET state=m2.state, latest_version=m2.latest_version FROM ir_module_module m2 WHERE m1.name='l10n_it_edi' AND m2.name='l10n_it_edi_ndd_account_dn' AND m1.state='uninstalled' 
2026-04-03 13:17:35,494 174186 DEBUG eniemela_19 OpenUpgrade: 1 rows affected after 0:00:00.000209 running DELETE FROM ir_module_module WHERE name = 'l10n_it_edi_ndd_account_dn' 
2026-04-03 13:17:35,494 174186 DEBUG eniemela_19 OpenUpgrade: 1 rows affected after 0:00:00.000078 running DELETE FROM ir_model_data WHERE module = 'base' AND model='ir.module.module' AND name = 'module_l10n_it_edi_ndd_account_dn' 
2026-04-03 13:17:35,495 174186 DEBUG eniemela_19 OpenUpgrade: 0 rows affected after 0:00:00.000048 running DELETE FROM ir_model_constraint WHERE module = 2357 
2026-04-03 13:17:35,495 174186 DEBUG eniemela_19 OpenUpgrade: 0 rows affected after 0:00:00.000048 running DELETE FROM ir_model_relation WHERE module = 2357 
2026-04-03 13:17:35,495 174186 DEBUG eniemela_19 OpenUpgrade: 0 rows affected after 0:00:00.000080 running UPDATE ir_model_data SET module = 'l10n_it_edi' WHERE module = 'l10n_it_edi_website_sale' AND name NOT IN (SELECT name FROM ir_model_data WHERE module = 'l10n_it_edi') 
2026-04-03 13:17:35,495 174186 DEBUG eniemela_19 OpenUpgrade: 0 rows affected after 0:00:00.000066 running UPDATE ir_model_data SET name = name || '_openupgrade_' || id, module = 'l10n_it_edi', noupdate = FALSE WHERE module = 'l10n_it_edi_website_sale' 
2026-04-03 13:17:35,495 174186 DEBUG eniemela_19 OpenUpgrade: 0 rows affected after 0:00:00.000052 running UPDATE ir_module_module_dependency SET name = 'l10n_it_edi' WHERE name = 'l10n_it_edi_website_sale' 
2026-04-03 13:17:35,495 174186 DEBUG eniemela_19 OpenUpgrade: 1 rows affected after 0:00:00.000168 running UPDATE ir_module_module m1 SET state=m2.state, latest_version=m2.latest_version FROM ir_module_module m2 WHERE m1.name='l10n_it_edi' AND m2.name='l10n_it_edi_website_sale' AND m1.state='uninstalled' 
2026-04-03 13:17:35,495 174186 DEBUG eniemela_19 OpenUpgrade: 1 rows affected after 0:00:00.000203 running DELETE FROM ir_module_module WHERE name = 'l10n_it_edi_website_sale' 
2026-04-03 13:17:35,496 174186 DEBUG eniemela_19 OpenUpgrade: 1 rows affected after 0:00:00.000073 running DELETE FROM ir_model_data WHERE module = 'base' AND model='ir.module.module' AND name = 'module_l10n_it_edi_website_sale' 
2026-04-03 13:17:35,496 174186 DEBUG eniemela_19 OpenUpgrade: 0 rows affected after 0:00:00.000050 running DELETE FROM ir_model_constraint WHERE module = 2132 
2026-04-03 13:17:35,496 174186 DEBUG eniemela_19 OpenUpgrade: 0 rows affected after 0:00:00.000048 running DELETE FROM ir_model_relation WHERE module = 2132 
2026-04-03 13:17:35,496 174186 DEBUG eniemela_19 OpenUpgrade: 0 rows affected after 0:00:00.000079 running UPDATE ir_model_data SET module = 'l10n_it_edi' WHERE module = 'l10n_it_edi_withholding' AND name NOT IN (SELECT name FROM ir_model_data WHERE module = 'l10n_it_edi') 
2026-04-03 13:17:35,496 174186 DEBUG eniemela_19 OpenUpgrade: 0 rows affected after 0:00:00.000065 running UPDATE ir_model_data SET name = name || '_openupgrade_' || id, module = 'l10n_it_edi', noupdate = FALSE WHERE module = 'l10n_it_edi_withholding' 
2026-04-03 13:17:35,496 174186 DEBUG eniemela_19 OpenUpgrade: 0 rows affected after 0:00:00.000052 running UPDATE ir_module_module_dependency SET name = 'l10n_it_edi' WHERE name = 'l10n_it_edi_withholding' 
2026-04-03 13:17:35,496 174186 DEBUG eniemela_19 OpenUpgrade: 1 rows affected after 0:00:00.000167 running UPDATE ir_module_module m1 SET state=m2.state, latest_version=m2.latest_version FROM ir_module_module m2 WHERE m1.name='l10n_it_edi' AND m2.name='l10n_it_edi_withholding' AND m1.state='uninstalled' 
2026-04-03 13:17:35,497 174186 DEBUG eniemela_19 OpenUpgrade: 1 rows affected after 0:00:00.000203 running DELETE FROM ir_module_module WHERE name = 'l10n_it_edi_withholding' 
2026-04-03 13:17:35,497 174186 DEBUG eniemela_19 OpenUpgrade: 1 rows affected after 0:00:00.000080 running DELETE FROM ir_model_data WHERE module = 'base' AND model='ir.module.module' AND name = 'module_l10n_it_edi_withholding' 
2026-04-03 13:17:35,497 174186 DEBUG eniemela_19 OpenUpgrade: 0 rows affected after 0:00:00.000047 running DELETE FROM ir_model_constraint WHERE module = 2550 
2026-04-03 13:17:35,497 174186 DEBUG eniemela_19 OpenUpgrade: 0 rows affected after 0:00:00.000048 running DELETE FROM ir_model_relation WHERE module = 2550 
2026-04-03 13:17:35,497 174186 DEBUG eniemela_19 OpenUpgrade: 0 rows affected after 0:00:00.000078 running UPDATE ir_model_data SET module = 'l10n_jo_edi' WHERE module = 'l10n_jo_edi_extended' AND name NOT IN (SELECT name FROM ir_model_data WHERE module = 'l10n_jo_edi') 
2026-04-03 13:17:35,497 174186 DEBUG eniemela_19 OpenUpgrade: 0 rows affected after 0:00:00.000064 running UPDATE ir_model_data SET name = name || '_openupgrade_' || id, module = 'l10n_jo_edi', noupdate = FALSE WHERE module = 'l10n_jo_edi_extended' 
2026-04-03 13:17:35,497 174186 DEBUG eniemela_19 OpenUpgrade: 0 rows affected after 0:00:00.000051 running UPDATE ir_module_module_dependency SET name = 'l10n_jo_edi' WHERE name = 'l10n_jo_edi_extended' 
2026-04-03 13:17:35,497 174186 DEBUG eniemela_19 OpenUpgrade: 1 rows affected after 0:00:00.000096 running UPDATE ir_module_module m1 SET state=m2.state, latest_version=m2.latest_version FROM ir_module_module m2 WHERE m1.name='l10n_jo_edi' AND m2.name='l10n_jo_edi_extended' AND m1.state='uninstalled' 
2026-04-03 13:17:35,498 174186 DEBUG eniemela_19 OpenUpgrade: 1 rows affected after 0:00:00.000201 running DELETE FROM ir_module_module WHERE name = 'l10n_jo_edi_extended' 
2026-04-03 13:17:35,498 174186 DEBUG eniemela_19 OpenUpgrade: 1 rows affected after 0:00:00.000073 running DELETE FROM ir_model_data WHERE module = 'base' AND model='ir.module.module' AND name = 'module_l10n_jo_edi_extended' 
2026-04-03 13:17:35,498 174186 DEBUG eniemela_19 OpenUpgrade: 0 rows affected after 0:00:00.000052 running DELETE FROM ir_model_constraint WHERE module = 2501 
2026-04-03 13:17:35,498 174186 DEBUG eniemela_19 OpenUpgrade: 0 rows affected after 0:00:00.000053 running DELETE FROM ir_model_relation WHERE module = 2501 
2026-04-03 13:17:35,498 174186 DEBUG eniemela_19 OpenUpgrade: 0 rows affected after 0:00:00.000085 running UPDATE ir_model_data SET module = 'l10n_my_edi' WHERE module = 'l10n_my_edi_extended' AND name NOT IN (SELECT name FROM ir_model_data WHERE module = 'l10n_my_edi') 
2026-04-03 13:17:35,498 174186 DEBUG eniemela_19 OpenUpgrade: 0 rows affected after 0:00:00.000071 running UPDATE ir_model_data SET name = name || '_openupgrade_' || id, module = 'l10n_my_edi', noupdate = FALSE WHERE module = 'l10n_my_edi_extended' 
2026-04-03 13:17:35,498 174186 DEBUG eniemela_19 OpenUpgrade: 1 rows affected after 0:00:00.000078 running UPDATE ir_module_module_dependency SET name = 'l10n_my_edi' WHERE name = 'l10n_my_edi_extended' 
2026-04-03 13:17:35,499 174186 DEBUG eniemela_19 OpenUpgrade: 1 rows affected after 0:00:00.000102 running UPDATE ir_module_module m1 SET state=m2.state, latest_version=m2.latest_version FROM ir_module_module m2 WHERE m1.name='l10n_my_edi' AND m2.name='l10n_my_edi_extended' AND m1.state='uninstalled' 
2026-04-03 13:17:35,499 174186 DEBUG eniemela_19 OpenUpgrade: 1 rows affected after 0:00:00.000209 running DELETE FROM ir_module_module WHERE name = 'l10n_my_edi_extended' 
2026-04-03 13:17:35,499 174186 DEBUG eniemela_19 OpenUpgrade: 1 rows affected after 0:00:00.000071 running DELETE FROM ir_model_data WHERE module = 'base' AND model='ir.module.module' AND name = 'module_l10n_my_edi_extended' 
2026-04-03 13:17:35,499 174186 DEBUG eniemela_19 OpenUpgrade: 0 rows affected after 0:00:00.000046 running DELETE FROM ir_model_constraint WHERE module = 2425 
2026-04-03 13:17:35,499 174186 DEBUG eniemela_19 OpenUpgrade: 0 rows affected after 0:00:00.000048 running DELETE FROM ir_model_relation WHERE module = 2425 
2026-04-03 13:17:35,499 174186 DEBUG eniemela_19 OpenUpgrade: 0 rows affected after 0:00:00.000078 running UPDATE ir_model_data SET module = 'l10n_pe' WHERE module = 'l10n_pe_website_sale' AND name NOT IN (SELECT name FROM ir_model_data WHERE module = 'l10n_pe') 
2026-04-03 13:17:35,499 174186 DEBUG eniemela_19 OpenUpgrade: 0 rows affected after 0:00:00.000063 running UPDATE ir_model_data SET name = name || '_openupgrade_' || id, module = 'l10n_pe', noupdate = FALSE WHERE module = 'l10n_pe_website_sale' 
2026-04-03 13:17:35,499 174186 DEBUG eniemela_19 OpenUpgrade: 0 rows affected after 0:00:00.000051 running UPDATE ir_module_module_dependency SET name = 'l10n_pe' WHERE name = 'l10n_pe_website_sale' 
2026-04-03 13:17:35,500 174186 DEBUG eniemela_19 OpenUpgrade: 1 rows affected after 0:00:00.000097 running UPDATE ir_module_module m1 SET state=m2.state, latest_version=m2.latest_version FROM ir_module_module m2 WHERE m1.name='l10n_pe' AND m2.name='l10n_pe_website_sale' AND m1.state='uninstalled' 
2026-04-03 13:17:35,500 174186 DEBUG eniemela_19 OpenUpgrade: 1 rows affected after 0:00:00.000207 running DELETE FROM ir_module_module WHERE name = 'l10n_pe_website_sale' 
2026-04-03 13:17:35,500 174186 DEBUG eniemela_19 OpenUpgrade: 1 rows affected after 0:00:00.000069 running DELETE FROM ir_model_data WHERE module = 'base' AND model='ir.module.module' AND name = 'module_l10n_pe_website_sale' 
2026-04-03 13:17:35,500 174186 DEBUG eniemela_19 OpenUpgrade: 0 rows affected after 0:00:00.000045 running DELETE FROM ir_model_constraint WHERE module = 2563 
2026-04-03 13:17:35,500 174186 DEBUG eniemela_19 OpenUpgrade: 0 rows affected after 0:00:00.000047 running DELETE FROM ir_model_relation WHERE module = 2563 
2026-04-03 13:17:35,500 174186 DEBUG eniemela_19 OpenUpgrade: 0 rows affected after 0:00:00.000076 running UPDATE ir_model_data SET module = 'l10n_pl' WHERE module = 'l10n_pl_taxable_supply_date' AND name NOT IN (SELECT name FROM ir_model_data WHERE module = 'l10n_pl') 
2026-04-03 13:17:35,500 174186 DEBUG eniemela_19 OpenUpgrade: 0 rows affected after 0:00:00.000063 running UPDATE ir_model_data SET name = name || '_openupgrade_' || id, module = 'l10n_pl', noupdate = FALSE WHERE module = 'l10n_pl_taxable_supply_date' 
2026-04-03 13:17:35,501 174186 DEBUG eniemela_19 OpenUpgrade: 0 rows affected after 0:00:00.000050 running UPDATE ir_module_module_dependency SET name = 'l10n_pl' WHERE name = 'l10n_pl_taxable_supply_date' 
2026-04-03 13:17:35,501 174186 DEBUG eniemela_19 OpenUpgrade: 1 rows affected after 0:00:00.000268 running UPDATE ir_module_module m1 SET state=m2.state, latest_version=m2.latest_version FROM ir_module_module m2 WHERE m1.name='l10n_pl' AND m2.name='l10n_pl_taxable_supply_date' AND m1.state='uninstalled' 
2026-04-03 13:17:35,501 174186 DEBUG eniemela_19 OpenUpgrade: 1 rows affected after 0:00:00.000251 running DELETE FROM ir_module_module WHERE name = 'l10n_pl_taxable_supply_date' 
2026-04-03 13:17:35,501 174186 DEBUG eniemela_19 OpenUpgrade: 1 rows affected after 0:00:00.000092 running DELETE FROM ir_model_data WHERE module = 'base' AND model='ir.module.module' AND name = 'module_l10n_pl_taxable_supply_date' 
2026-04-03 13:17:35,502 174186 DEBUG eniemela_19 OpenUpgrade: 0 rows affected after 0:00:00.000056 running DELETE FROM ir_model_constraint WHERE module = 2564 
2026-04-03 13:17:35,502 174186 DEBUG eniemela_19 OpenUpgrade: 0 rows affected after 0:00:00.000054 running DELETE FROM ir_model_relation WHERE module = 2564 
2026-04-03 13:17:35,502 174186 DEBUG eniemela_19 OpenUpgrade: 0 rows affected after 0:00:00.000091 running UPDATE ir_model_data SET module = 'l10n_ro_edi' WHERE module = 'l10n_ro_efactura_synchronize' AND name NOT IN (SELECT name FROM ir_model_data WHERE module = 'l10n_ro_edi') 
2026-04-03 13:17:35,502 174186 DEBUG eniemela_19 OpenUpgrade: 0 rows affected after 0:00:00.000074 running UPDATE ir_model_data SET name = name || '_openupgrade_' || id, module = 'l10n_ro_edi', noupdate = FALSE WHERE module = 'l10n_ro_efactura_synchronize' 
2026-04-03 13:17:35,502 174186 DEBUG eniemela_19 OpenUpgrade: 0 rows affected after 0:00:00.000056 running UPDATE ir_module_module_dependency SET name = 'l10n_ro_edi' WHERE name = 'l10n_ro_efactura_synchronize' 
2026-04-03 13:17:35,502 174186 DEBUG eniemela_19 OpenUpgrade: 1 rows affected after 0:00:00.000107 running UPDATE ir_module_module m1 SET state=m2.state, latest_version=m2.latest_version FROM ir_module_module m2 WHERE m1.name='l10n_ro_edi' AND m2.name='l10n_ro_efactura_synchronize' AND m1.state='uninstalled' 
2026-04-03 13:17:35,502 174186 DEBUG eniemela_19 OpenUpgrade: 1 rows affected after 0:00:00.000213 running DELETE FROM ir_module_module WHERE name = 'l10n_ro_efactura_synchronize' 
2026-04-03 13:17:35,503 174186 DEBUG eniemela_19 OpenUpgrade: 1 rows affected after 0:00:00.000075 running DELETE FROM ir_model_data WHERE module = 'base' AND model='ir.module.module' AND name = 'module_l10n_ro_efactura_synchronize' 
2026-04-03 13:17:35,503 174186 DEBUG eniemela_19 OpenUpgrade: 0 rows affected after 0:00:00.000274 running DELETE FROM ir_model_constraint WHERE module = 2447 
2026-04-03 13:17:35,503 174186 DEBUG eniemela_19 OpenUpgrade: 0 rows affected after 0:00:00.000115 running DELETE FROM ir_model_relation WHERE module = 2447 
2026-04-03 13:17:35,503 174186 DEBUG eniemela_19 OpenUpgrade: 0 rows affected after 0:00:00.000109 running UPDATE ir_model_data SET module = 'payment_razorpay' WHERE module = 'payment_razorpay_oauth' AND name NOT IN (SELECT name FROM ir_model_data WHERE module = 'payment_razorpay') 
2026-04-03 13:17:35,503 174186 DEBUG eniemela_19 OpenUpgrade: 0 rows affected after 0:00:00.000085 running UPDATE ir_model_data SET name = name || '_openupgrade_' || id, module = 'payment_razorpay', noupdate = FALSE WHERE module = 'payment_razorpay_oauth' 
2026-04-03 13:17:35,504 174186 DEBUG eniemela_19 OpenUpgrade: 0 rows affected after 0:00:00.000061 running UPDATE ir_module_module_dependency SET name = 'payment_razorpay' WHERE name = 'payment_razorpay_oauth' 
2026-04-03 13:17:35,504 174186 DEBUG eniemela_19 OpenUpgrade: 1 rows affected after 0:00:00.000146 running UPDATE ir_module_module m1 SET state=m2.state, latest_version=m2.latest_version FROM ir_module_module m2 WHERE m1.name='payment_razorpay' AND m2.name='payment_razorpay_oauth' AND m1.state='uninstalled' 
2026-04-03 13:17:35,504 174186 DEBUG eniemela_19 OpenUpgrade: 1 rows affected after 0:00:00.000222 running DELETE FROM ir_module_module WHERE name = 'payment_razorpay_oauth' 
2026-04-03 13:17:35,504 174186 DEBUG eniemela_19 OpenUpgrade: 1 rows affected after 0:00:00.000078 running DELETE FROM ir_model_data WHERE module = 'base' AND model='ir.module.module' AND name = 'module_payment_razorpay_oauth' 
2026-04-03 13:17:35,504 174186 DEBUG eniemela_19 OpenUpgrade: 0 rows affected after 0:00:00.000051 running DELETE FROM ir_model_constraint WHERE module = 2150 
2026-04-03 13:17:35,504 174186 DEBUG eniemela_19 OpenUpgrade: 0 rows affected after 0:00:00.000049 running DELETE FROM ir_model_relation WHERE module = 2150 
2026-04-03 13:17:35,505 174186 DEBUG eniemela_19 OpenUpgrade: 0 rows affected after 0:00:00.000082 running UPDATE ir_model_data SET module = 'point_of_sale' WHERE module = 'pos_epson_printer' AND name NOT IN (SELECT name FROM ir_model_data WHERE module = 'point_of_sale') 
2026-04-03 13:17:35,505 174186 DEBUG eniemela_19 OpenUpgrade: 0 rows affected after 0:00:00.000066 running UPDATE ir_model_data SET name = name || '_openupgrade_' || id, module = 'point_of_sale', noupdate = FALSE WHERE module = 'pos_epson_printer' 
2026-04-03 13:17:35,505 174186 DEBUG eniemela_19 OpenUpgrade: 1 rows affected after 0:00:00.000076 running UPDATE ir_module_module_dependency SET name = 'point_of_sale' WHERE name = 'pos_epson_printer' 
2026-04-03 13:17:35,505 174186 DEBUG eniemela_19 OpenUpgrade: 1 rows affected after 0:00:00.000117 running UPDATE ir_module_module m1 SET state=m2.state, latest_version=m2.latest_version FROM ir_module_module m2 WHERE m1.name='point_of_sale' AND m2.name='pos_epson_printer' AND m1.state='uninstalled' 
2026-04-03 13:17:35,505 174186 DEBUG eniemela_19 OpenUpgrade: 1 rows affected after 0:00:00.000211 running DELETE FROM ir_module_module WHERE name = 'pos_epson_printer' 
2026-04-03 13:17:35,505 174186 DEBUG eniemela_19 OpenUpgrade: 1 rows affected after 0:00:00.000079 running DELETE FROM ir_model_data WHERE module = 'base' AND model='ir.module.module' AND name = 'module_pos_epson_printer' 
2026-04-03 13:17:35,505 174186 DEBUG eniemela_19 OpenUpgrade: 0 rows affected after 0:00:00.000047 running DELETE FROM ir_model_constraint WHERE module = 2456 
2026-04-03 13:17:35,506 174186 DEBUG eniemela_19 OpenUpgrade: 0 rows affected after 0:00:00.000050 running DELETE FROM ir_model_relation WHERE module = 2456 
2026-04-03 13:17:35,506 174186 DEBUG eniemela_19 OpenUpgrade: 0 rows affected after 0:00:00.000086 running UPDATE ir_model_data SET module = 'pos_self_order' WHERE module = 'pos_self_order_epson_printer' AND name NOT IN (SELECT name FROM ir_model_data WHERE module = 'pos_self_order') 
2026-04-03 13:17:35,506 174186 DEBUG eniemela_19 OpenUpgrade: 0 rows affected after 0:00:00.000068 running UPDATE ir_model_data SET name = name || '_openupgrade_' || id, module = 'pos_self_order', noupdate = FALSE WHERE module = 'pos_self_order_epson_printer' 
2026-04-03 13:17:35,506 174186 DEBUG eniemela_19 OpenUpgrade: 0 rows affected after 0:00:00.000054 running UPDATE ir_module_module_dependency SET name = 'pos_self_order' WHERE name = 'pos_self_order_epson_printer' 
2026-04-03 13:17:35,506 174186 DEBUG eniemela_19 OpenUpgrade: 1 rows affected after 0:00:00.000099 running UPDATE ir_module_module m1 SET state=m2.state, latest_version=m2.latest_version FROM ir_module_module m2 WHERE m1.name='pos_self_order' AND m2.name='pos_self_order_epson_printer' AND m1.state='uninstalled' 
2026-04-03 13:17:35,506 174186 DEBUG eniemela_19 OpenUpgrade: 1 rows affected after 0:00:00.000278 running DELETE FROM ir_module_module WHERE name = 'pos_self_order_epson_printer' 
2026-04-03 13:17:35,507 174186 DEBUG eniemela_19 OpenUpgrade: 1 rows affected after 0:00:00.000125 running DELETE FROM ir_model_data WHERE module = 'base' AND model='ir.module.module' AND name = 'module_pos_self_order_epson_printer' 
2026-04-03 13:17:35,507 174186 DEBUG eniemela_19 OpenUpgrade: 0 rows affected after 0:00:00.000052 running DELETE FROM ir_model_constraint WHERE module = 2463 
2026-04-03 13:17:35,507 174186 DEBUG eniemela_19 OpenUpgrade: 0 rows affected after 0:00:00.000051 running DELETE FROM ir_model_relation WHERE module = 2463 
2026-04-03 13:17:35,507 174186 DEBUG eniemela_19 OpenUpgrade: 0 rows affected after 0:00:00.000078 running UPDATE ir_model_data SET module = 'sale' WHERE module = 'sale_async_emails' AND name NOT IN (SELECT name FROM ir_model_data WHERE module = 'sale') 
2026-04-03 13:17:35,507 174186 DEBUG eniemela_19 OpenUpgrade: 0 rows affected after 0:00:00.000065 running UPDATE ir_model_data SET name = name || '_openupgrade_' || id, module = 'sale', noupdate = FALSE WHERE module = 'sale_async_emails' 
2026-04-03 13:17:35,507 174186 DEBUG eniemela_19 OpenUpgrade: 0 rows affected after 0:00:00.000053 running UPDATE ir_module_module_dependency SET name = 'sale' WHERE name = 'sale_async_emails' 
2026-04-03 13:17:35,507 174186 DEBUG eniemela_19 OpenUpgrade: 1 rows affected after 0:00:00.000095 running UPDATE ir_module_module m1 SET state=m2.state, latest_version=m2.latest_version FROM ir_module_module m2 WHERE m1.name='sale' AND m2.name='sale_async_emails' AND m1.state='uninstalled' 
2026-04-03 13:17:35,508 174186 DEBUG eniemela_19 OpenUpgrade: 1 rows affected after 0:00:00.000215 running DELETE FROM ir_module_module WHERE name = 'sale_async_emails' 
2026-04-03 13:17:35,508 174186 DEBUG eniemela_19 OpenUpgrade: 1 rows affected after 0:00:00.000078 running DELETE FROM ir_model_data WHERE module = 'base' AND model='ir.module.module' AND name = 'module_sale_async_emails' 
2026-04-03 13:17:35,508 174186 DEBUG eniemela_19 OpenUpgrade: 0 rows affected after 0:00:00.000048 running DELETE FROM ir_model_constraint WHERE module = 1847 
2026-04-03 13:17:35,508 174186 DEBUG eniemela_19 OpenUpgrade: 0 rows affected after 0:00:00.000048 running DELETE FROM ir_model_relation WHERE module = 1847 
2026-04-03 13:17:35,508 174186 DEBUG eniemela_19 OpenUpgrade: 0 rows affected after 0:00:00.000085 running UPDATE ir_model_data SET module = 'website_crm_partner_assign' WHERE module = 'website_membership' AND name NOT IN (SELECT name FROM ir_model_data WHERE module = 'website_crm_partner_assign') 
2026-04-03 13:17:35,508 174186 DEBUG eniemela_19 OpenUpgrade: 0 rows affected after 0:00:00.000066 running UPDATE ir_model_data SET name = name || '_openupgrade_' || id, module = 'website_crm_partner_assign', noupdate = FALSE WHERE module = 'website_membership' 
2026-04-03 13:17:35,508 174186 DEBUG eniemela_19 OpenUpgrade: 0 rows affected after 0:00:00.000054 running UPDATE ir_module_module_dependency SET name = 'website_crm_partner_assign' WHERE name = 'website_membership' 
2026-04-03 13:17:35,508 174186 DEBUG eniemela_19 OpenUpgrade: 1 rows affected after 0:00:00.000099 running UPDATE ir_module_module m1 SET state=m2.state, latest_version=m2.latest_version FROM ir_module_module m2 WHERE m1.name='website_crm_partner_assign' AND m2.name='website_membership' AND m1.state='uninstalled' 
2026-04-03 13:17:35,509 174186 DEBUG eniemela_19 OpenUpgrade: 1 rows affected after 0:00:00.000205 running DELETE FROM ir_module_module WHERE name = 'website_membership' 
2026-04-03 13:17:35,509 174186 DEBUG eniemela_19 OpenUpgrade: 1 rows affected after 0:00:00.000084 running DELETE FROM ir_model_data WHERE module = 'base' AND model='ir.module.module' AND name = 'module_website_membership' 
2026-04-03 13:17:35,509 174186 DEBUG eniemela_19 OpenUpgrade: 2 rows affected after 0:00:00.000062 running DELETE FROM ir_model_constraint WHERE module = 233 
2026-04-03 13:17:35,509 174186 DEBUG eniemela_19 OpenUpgrade: 0 rows affected after 0:00:00.000050 running DELETE FROM ir_model_relation WHERE module = 233 
2026-04-03 13:17:35,510 174186 DEBUG eniemela_19 OpenUpgrade: 89 rows affected after 0:00:00.001155 running UPDATE ir_model_data SET module = 'html_editor' WHERE module = 'web_editor' AND name NOT IN (SELECT name FROM ir_model_data WHERE module = 'html_editor') 
2026-04-03 13:17:35,510 174186 DEBUG eniemela_19 OpenUpgrade: 0 rows affected after 0:00:00.000124 running UPDATE ir_model_data SET name = name || '_openupgrade_' || id, module = 'html_editor', noupdate = FALSE WHERE module = 'web_editor' 
2026-04-03 13:17:35,511 174186 DEBUG eniemela_19 OpenUpgrade: 7 rows affected after 0:00:00.000120 running UPDATE ir_module_module_dependency SET name = 'html_editor' WHERE name = 'web_editor' 
2026-04-03 13:17:35,511 174186 DEBUG eniemela_19 OpenUpgrade: 0 rows affected after 0:00:00.000094 running UPDATE ir_module_module m1 SET state=m2.state, latest_version=m2.latest_version FROM ir_module_module m2 WHERE m1.name='html_editor' AND m2.name='web_editor' AND m1.state='uninstalled' 
2026-04-03 13:17:35,511 174186 DEBUG eniemela_19 OpenUpgrade: 1 rows affected after 0:00:00.000230 running DELETE FROM ir_module_module WHERE name = 'web_editor' 
2026-04-03 13:17:35,511 174186 DEBUG eniemela_19 OpenUpgrade: 1 rows affected after 0:00:00.000084 running DELETE FROM ir_model_data WHERE module = 'base' AND model='ir.module.module' AND name = 'module_web_editor' 
2026-04-03 13:17:35,519 174186 INFO eniemela_19 OpenUpgrade: XMLID l10n_fr.dom-tom not found when renaming to base.dom-tom 
2026-04-03 13:17:35,519 174186 INFO eniemela_19 OpenUpgrade: XMLID l10n_at.state_at_1 not found when renaming to base.state_at_1 
2026-04-03 13:17:35,519 174186 INFO eniemela_19 OpenUpgrade: XMLID l10n_at.state_at_2 not found when renaming to base.state_at_2 
2026-04-03 13:17:35,519 174186 INFO eniemela_19 OpenUpgrade: XMLID l10n_at.state_at_3 not found when renaming to base.state_at_3 
2026-04-03 13:17:35,519 174186 INFO eniemela_19 OpenUpgrade: XMLID l10n_at.state_at_4 not found when renaming to base.state_at_4 
2026-04-03 13:17:35,519 174186 INFO eniemela_19 OpenUpgrade: XMLID l10n_at.state_at_5 not found when renaming to base.state_at_5 
2026-04-03 13:17:35,520 174186 INFO eniemela_19 OpenUpgrade: XMLID l10n_at.state_at_6 not found when renaming to base.state_at_6 
2026-04-03 13:17:35,520 174186 INFO eniemela_19 OpenUpgrade: XMLID l10n_at.state_at_7 not found when renaming to base.state_at_7 
2026-04-03 13:17:35,520 174186 INFO eniemela_19 OpenUpgrade: XMLID l10n_at.state_at_8 not found when renaming to base.state_at_8 
2026-04-03 13:17:35,520 174186 INFO eniemela_19 OpenUpgrade: XMLID l10n_at.state_at_9 not found when renaming to base.state_at_9 
2026-04-03 13:17:35,520 174186 INFO eniemela_19 OpenUpgrade: XMLID l10n_bd.state_bd_a not found when renaming to base.state_bd_a 
2026-04-03 13:17:35,520 174186 INFO eniemela_19 OpenUpgrade: XMLID l10n_bd.state_bd_b not found when renaming to base.state_bd_b 
2026-04-03 13:17:35,520 174186 INFO eniemela_19 OpenUpgrade: XMLID l10n_bd.state_bd_c not found when renaming to base.state_bd_c 
2026-04-03 13:17:35,520 174186 INFO eniemela_19 OpenUpgrade: XMLID l10n_bd.state_bd_d not found when renaming to base.state_bd_d 
2026-04-03 13:17:35,520 174186 INFO eniemela_19 OpenUpgrade: XMLID l10n_bd.state_bd_e not found when renaming to base.state_bd_e 
2026-04-03 13:17:35,520 174186 INFO eniemela_19 OpenUpgrade: XMLID l10n_bd.state_bd_f not found when renaming to base.state_bd_f 
2026-04-03 13:17:35,520 174186 INFO eniemela_19 OpenUpgrade: XMLID l10n_bd.state_bd_g not found when renaming to base.state_bd_g 
2026-04-03 13:17:35,520 174186 INFO eniemela_19 OpenUpgrade: XMLID l10n_bd.state_bd_h not found when renaming to base.state_bd_h 
2026-04-03 13:17:35,521 174186 DEBUG eniemela_19 OpenUpgrade: 1 rows affected after 0:00:00.000105 running UPDATE ir_model_data SET module = 'base', name = 'state_id_pe' WHERE module = 'base' and name = 'state_id_pp' 
2026-04-03 13:17:35,521 174186 INFO eniemela_19 OpenUpgrade: XMLID l10n_iq.state_iq_01 not found when renaming to base.state_iq_01 
2026-04-03 13:17:35,521 174186 INFO eniemela_19 OpenUpgrade: XMLID l10n_iq.state_iq_01_ar not found when renaming to base.state_iq_01_ar 
2026-04-03 13:17:35,521 174186 INFO eniemela_19 OpenUpgrade: XMLID l10n_iq.state_iq_02 not found when renaming to base.state_iq_02 
2026-04-03 13:17:35,521 174186 INFO eniemela_19 OpenUpgrade: XMLID l10n_iq.state_iq_02_ar not found when renaming to base.state_iq_02_ar 
2026-04-03 13:17:35,521 174186 INFO eniemela_19 OpenUpgrade: XMLID l10n_iq.state_iq_03 not found when renaming to base.state_iq_03 
2026-04-03 13:17:35,521 174186 INFO eniemela_19 OpenUpgrade: XMLID l10n_iq.state_iq_03_ar not found when renaming to base.state_iq_03_ar 
2026-04-03 13:17:35,521 174186 INFO eniemela_19 OpenUpgrade: XMLID l10n_iq.state_iq_04 not found when renaming to base.state_iq_04 
2026-04-03 13:17:35,521 174186 INFO eniemela_19 OpenUpgrade: XMLID l10n_iq.state_iq_04_ar not found when renaming to base.state_iq_04_ar 
2026-04-03 13:17:35,521 174186 INFO eniemela_19 OpenUpgrade: XMLID l10n_iq.state_iq_05 not found when renaming to base.state_iq_05 
2026-04-03 13:17:35,521 174186 INFO eniemela_19 OpenUpgrade: XMLID l10n_iq.state_iq_05_ar not found when renaming to base.state_iq_05_ar 
2026-04-03 13:17:35,522 174186 INFO eniemela_19 OpenUpgrade: XMLID l10n_iq.state_iq_06 not found when renaming to base.state_iq_06 
2026-04-03 13:17:35,522 174186 INFO eniemela_19 OpenUpgrade: XMLID l10n_iq.state_iq_06_ar not found when renaming to base.state_iq_06_ar 
2026-04-03 13:17:35,522 174186 INFO eniemela_19 OpenUpgrade: XMLID l10n_iq.state_iq_07 not found when renaming to base.state_iq_07 
2026-04-03 13:17:35,522 174186 INFO eniemela_19 OpenUpgrade: XMLID l10n_iq.state_iq_07_ar not found when renaming to base.state_iq_07_ar 
2026-04-03 13:17:35,522 174186 INFO eniemela_19 OpenUpgrade: XMLID l10n_iq.state_iq_08 not found when renaming to base.state_iq_08 
2026-04-03 13:17:35,522 174186 INFO eniemela_19 OpenUpgrade: XMLID l10n_iq.state_iq_08_ar not found when renaming to base.state_iq_08_ar 
2026-04-03 13:17:35,522 174186 INFO eniemela_19 OpenUpgrade: XMLID l10n_iq.state_iq_09 not found when renaming to base.state_iq_09 
2026-04-03 13:17:35,522 174186 INFO eniemela_19 OpenUpgrade: XMLID l10n_iq.state_iq_09_ar not found when renaming to base.state_iq_09_ar 
2026-04-03 13:17:35,522 174186 INFO eniemela_19 OpenUpgrade: XMLID l10n_iq.state_iq_10 not found when renaming to base.state_iq_10 
2026-04-03 13:17:35,522 174186 INFO eniemela_19 OpenUpgrade: XMLID l10n_iq.state_iq_10_ar not found when renaming to base.state_iq_10_ar 
2026-04-03 13:17:35,522 174186 INFO eniemela_19 OpenUpgrade: XMLID l10n_iq.state_iq_11 not found when renaming to base.state_iq_11 
2026-04-03 13:17:35,522 174186 INFO eniemela_19 OpenUpgrade: XMLID l10n_iq.state_iq_11_ar not found when renaming to base.state_iq_11_ar 
2026-04-03 13:17:35,522 174186 INFO eniemela_19 OpenUpgrade: XMLID l10n_iq.state_iq_12 not found when renaming to base.state_iq_12 
2026-04-03 13:17:35,523 174186 INFO eniemela_19 OpenUpgrade: XMLID l10n_iq.state_iq_12_ar not found when renaming to base.state_iq_12_ar 
2026-04-03 13:17:35,523 174186 INFO eniemela_19 OpenUpgrade: XMLID l10n_iq.state_iq_13 not found when renaming to base.state_iq_13 
2026-04-03 13:17:35,523 174186 INFO eniemela_19 OpenUpgrade: XMLID l10n_iq.state_iq_13_ar not found when renaming to base.state_iq_13_ar 
2026-04-03 13:17:35,523 174186 INFO eniemela_19 OpenUpgrade: XMLID l10n_iq.state_iq_14 not found when renaming to base.state_iq_14 
2026-04-03 13:17:35,523 174186 INFO eniemela_19 OpenUpgrade: XMLID l10n_iq.state_iq_14_ar not found when renaming to base.state_iq_14_ar 
2026-04-03 13:17:35,523 174186 INFO eniemela_19 OpenUpgrade: XMLID l10n_iq.state_iq_15 not found when renaming to base.state_iq_15 
2026-04-03 13:17:35,523 174186 INFO eniemela_19 OpenUpgrade: XMLID l10n_iq.state_iq_15_ar not found when renaming to base.state_iq_15_ar 
2026-04-03 13:17:35,523 174186 INFO eniemela_19 OpenUpgrade: XMLID l10n_iq.state_iq_16 not found when renaming to base.state_iq_16 
2026-04-03 13:17:35,523 174186 INFO eniemela_19 OpenUpgrade: XMLID l10n_iq.state_iq_16_ar not found when renaming to base.state_iq_16_ar 
2026-04-03 13:17:35,523 174186 INFO eniemela_19 OpenUpgrade: XMLID l10n_iq.state_iq_17 not found when renaming to base.state_iq_17 
2026-04-03 13:17:35,523 174186 INFO eniemela_19 OpenUpgrade: XMLID l10n_iq.state_iq_17_ar not found when renaming to base.state_iq_17_ar 
2026-04-03 13:17:35,523 174186 INFO eniemela_19 OpenUpgrade: XMLID l10n_iq.state_iq_18 not found when renaming to base.state_iq_18 
2026-04-03 13:17:35,523 174186 INFO eniemela_19 OpenUpgrade: XMLID l10n_iq.state_iq_18_ar not found when renaming to base.state_iq_18_ar 
2026-04-03 13:17:35,524 174186 INFO eniemela_19 OpenUpgrade: XMLID l10n_pk.state_pk_ajk not found when renaming to base.state_pk_ajk 
2026-04-03 13:17:35,524 174186 INFO eniemela_19 OpenUpgrade: XMLID l10n_pk.state_pk_ba not found when renaming to base.state_pk_ba 
2026-04-03 13:17:35,524 174186 INFO eniemela_19 OpenUpgrade: XMLID l10n_pk.state_pk_gb not found when renaming to base.state_pk_gb 
2026-04-03 13:17:35,524 174186 INFO eniemela_19 OpenUpgrade: XMLID l10n_pk.state_pk_is not found when renaming to base.state_pk_is 
2026-04-03 13:17:35,524 174186 INFO eniemela_19 OpenUpgrade: XMLID l10n_pk.state_pk_kp not found when renaming to base.state_pk_kp 
2026-04-03 13:17:35,524 174186 INFO eniemela_19 OpenUpgrade: XMLID l10n_pk.state_pk_pb not found when renaming to base.state_pk_pb 
2026-04-03 13:17:35,524 174186 INFO eniemela_19 OpenUpgrade: XMLID l10n_pk.state_pk_sd not found when renaming to base.state_pk_sd 
2026-04-03 13:17:35,524 174186 INFO eniemela_19 OpenUpgrade: XMLID l10n_pl.state_pl_ds not found when renaming to base.state_pl_ds 
2026-04-03 13:17:35,524 174186 INFO eniemela_19 OpenUpgrade: XMLID l10n_pl.state_pl_kp not found when renaming to base.state_pl_kp 
2026-04-03 13:17:35,524 174186 INFO eniemela_19 OpenUpgrade: XMLID l10n_pl.state_pl_lb not found when renaming to base.state_pl_lb 
2026-04-03 13:17:35,524 174186 INFO eniemela_19 OpenUpgrade: XMLID l10n_pl.state_pl_ld not found when renaming to base.state_pl_ld 
2026-04-03 13:17:35,524 174186 INFO eniemela_19 OpenUpgrade: XMLID l10n_pl.state_pl_ls not found when renaming to base.state_pl_ls 
2026-04-03 13:17:35,524 174186 INFO eniemela_19 OpenUpgrade: XMLID l10n_pl.state_pl_mp not found when renaming to base.state_pl_mp 
2026-04-03 13:17:35,525 174186 INFO eniemela_19 OpenUpgrade: XMLID l10n_pl.state_pl_mz not found when renaming to base.state_pl_mz 
2026-04-03 13:17:35,525 174186 INFO eniemela_19 OpenUpgrade: XMLID l10n_pl.state_pl_op not found when renaming to base.state_pl_op 
2026-04-03 13:17:35,525 174186 INFO eniemela_19 OpenUpgrade: XMLID l10n_pl.state_pl_pk not found when renaming to base.state_pl_pk 
2026-04-03 13:17:35,525 174186 INFO eniemela_19 OpenUpgrade: XMLID l10n_pl.state_pl_pl not found when renaming to base.state_pl_pl 
2026-04-03 13:17:35,525 174186 INFO eniemela_19 OpenUpgrade: XMLID l10n_pl.state_pl_pm not found when renaming to base.state_pl_pm 
2026-04-03 13:17:35,525 174186 INFO eniemela_19 OpenUpgrade: XMLID l10n_pl.state_pl_sk not found when renaming to base.state_pl_sk 
2026-04-03 13:17:35,525 174186 INFO eniemela_19 OpenUpgrade: XMLID l10n_pl.state_pl_sl not found when renaming to base.state_pl_sl 
2026-04-03 13:17:35,525 174186 INFO eniemela_19 OpenUpgrade: XMLID l10n_pl.state_pl_wm not found when renaming to base.state_pl_wm 
2026-04-03 13:17:35,525 174186 INFO eniemela_19 OpenUpgrade: XMLID l10n_pl.state_pl_wp not found when renaming to base.state_pl_wp 
2026-04-03 13:17:35,525 174186 INFO eniemela_19 OpenUpgrade: XMLID l10n_pl.state_pl_zp not found when renaming to base.state_pl_zp 
2026-04-03 13:17:35,526 174186 INFO eniemela_19 OpenUpgrade: XMLID l10n_tw.state_tw_chh not found when renaming to base.state_tw_chh 
2026-04-03 13:17:35,526 174186 INFO eniemela_19 OpenUpgrade: XMLID l10n_tw.state_tw_cic not found when renaming to base.state_tw_cic 
2026-04-03 13:17:35,526 174186 INFO eniemela_19 OpenUpgrade: XMLID l10n_tw.state_tw_cih not found when renaming to base.state_tw_cih 
2026-04-03 13:17:35,526 174186 INFO eniemela_19 OpenUpgrade: XMLID l10n_tw.state_tw_hch not found when renaming to base.state_tw_hch 
2026-04-03 13:17:35,526 174186 INFO eniemela_19 OpenUpgrade: XMLID l10n_tw.state_tw_hct not found when renaming to base.state_tw_hct 
2026-04-03 13:17:35,526 174186 INFO eniemela_19 OpenUpgrade: XMLID l10n_tw.state_tw_hlh not found when renaming to base.state_tw_hlh 
2026-04-03 13:17:35,526 174186 INFO eniemela_19 OpenUpgrade: XMLID l10n_tw.state_tw_ilh not found when renaming to base.state_tw_ilh 
2026-04-03 13:17:35,526 174186 INFO eniemela_19 OpenUpgrade: XMLID l10n_tw.state_tw_khc not found when renaming to base.state_tw_khc 
2026-04-03 13:17:35,526 174186 INFO eniemela_19 OpenUpgrade: XMLID l10n_tw.state_tw_klc not found when renaming to base.state_tw_klc 
2026-04-03 13:17:35,526 174186 INFO eniemela_19 OpenUpgrade: XMLID l10n_tw.state_tw_kmc not found when renaming to base.state_tw_kmc 
2026-04-03 13:17:35,526 174186 INFO eniemela_19 OpenUpgrade: XMLID l10n_tw.state_tw_lcc not found when renaming to base.state_tw_lcc 
2026-04-03 13:17:35,526 174186 INFO eniemela_19 OpenUpgrade: XMLID l10n_tw.state_tw_mlh not found when renaming to base.state_tw_mlh 
2026-04-03 13:17:35,527 174186 INFO eniemela_19 OpenUpgrade: XMLID l10n_tw.state_tw_ntc not found when renaming to base.state_tw_ntc 
2026-04-03 13:17:35,527 174186 INFO eniemela_19 OpenUpgrade: XMLID l10n_tw.state_tw_ntpc not found when renaming to base.state_tw_ntpc 
2026-04-03 13:17:35,527 174186 INFO eniemela_19 OpenUpgrade: XMLID l10n_tw.state_tw_phc not found when renaming to base.state_tw_phc 
2026-04-03 13:17:35,527 174186 INFO eniemela_19 OpenUpgrade: XMLID l10n_tw.state_tw_pth not found when renaming to base.state_tw_pth 
2026-04-03 13:17:35,527 174186 INFO eniemela_19 OpenUpgrade: XMLID l10n_tw.state_tw_tcc not found when renaming to base.state_tw_tcc 
2026-04-03 13:17:35,527 174186 INFO eniemela_19 OpenUpgrade: XMLID l10n_tw.state_tw_tnh not found when renaming to base.state_tw_tnh 
2026-04-03 13:17:35,527 174186 INFO eniemela_19 OpenUpgrade: XMLID l10n_tw.state_tw_tpc not found when renaming to base.state_tw_tpc 
2026-04-03 13:17:35,527 174186 INFO eniemela_19 OpenUpgrade: XMLID l10n_tw.state_tw_tth not found when renaming to base.state_tw_tth 
2026-04-03 13:17:35,527 174186 INFO eniemela_19 OpenUpgrade: XMLID l10n_tw.state_tw_tyc not found when renaming to base.state_tw_tyc 
2026-04-03 13:17:35,527 174186 INFO eniemela_19 OpenUpgrade: XMLID l10n_tw.state_tw_ylh not found when renaming to base.state_tw_ylh 
2026-04-03 13:17:35,528 174186 DEBUG eniemela_19 OpenUpgrade: 1 rows affected after 0:00:00.000108 running UPDATE ir_model_data SET module = 'base', name = 'module_category_supply_chain' WHERE module = 'base' and name = 'module_category_inventory' 
2026-04-03 13:17:35,528 174186 INFO eniemela_19 OpenUpgrade: XMLID base.module_category_supply_chain already exists when renaming from base.module_category_manufacturing: Merging. 
2026-04-03 13:17:35,554 174186 DEBUG eniemela_19 OpenUpgrade: 7 rows affected after 0:00:00.000476 running UPDATE "ir_module_category"
                SET "parent_id" = 57
                WHERE "parent_id" in (26) 
2026-04-03 13:17:35,558 174186 DEBUG eniemela_19 OpenUpgrade: 1 rows affected after 0:00:00.000113 running DELETE FROM "ir_model_data" WHERE "model" = 'ir.module.category' AND "res_id" IN (26) 
2026-04-03 13:17:35,558 174186 DEBUG eniemela_19 OpenUpgrade: 0 rows affected after 0:00:00.000123 running DELETE FROM "ir_attachment" WHERE "res_model" = 'ir.module.category' AND "res_id" IN (26) 
2026-04-03 13:17:35,559 174186 DEBUG eniemela_19 OpenUpgrade: 0 rows affected after 0:00:00.000112 running DELETE FROM "mail_activity" WHERE "res_model" = 'ir.module.category' AND "res_id" IN (26) 
2026-04-03 13:17:35,559 174186 DEBUG eniemela_19 OpenUpgrade: 0 rows affected after 0:00:00.000113 running DELETE FROM "mail_followers" WHERE "res_model" = 'ir.module.category' AND "res_id" IN (26) 
2026-04-03 13:17:35,559 174186 DEBUG eniemela_19 OpenUpgrade: 0 rows affected after 0:00:00.000148 running DELETE FROM "mail_message" WHERE "model" = 'ir.module.category' AND "res_id" IN (26) 
2026-04-03 13:17:35,560 174186 DEBUG eniemela_19 OpenUpgrade: 0 rows affected after 0:00:00.000070 running DELETE FROM "mail_scheduled_message" WHERE "model" = 'ir.module.category' AND "res_id" IN (26) 
2026-04-03 13:17:35,560 174186 DEBUG eniemela_19 OpenUpgrade: 1 rows affected after 0:00:00.000272 running DELETE FROM "ir_module_category" WHERE id IN (26) 
2026-04-03 13:17:35,590 174186 INFO eniemela_19 odoo.registry: module base: creating or updating database tables 
2026-04-03 13:17:35,663 174186 INFO eniemela_19 odoo.models: Prepare computation of ir.actions.server.automated_name 
2026-04-03 13:17:35,733 174186 INFO eniemela_19 odoo.models: Prepare computation of res.partner.properties 
2026-04-03 13:17:35,925 174186 INFO eniemela_19 odoo.schema: Keep unexpected index ir_model_constraint__type_index on table ir_model_constraint 
2026-04-03 13:17:35,929 174186 INFO eniemela_19 odoo.schema: Keep unexpected index ir_rule__name_index on table ir_rule 
2026-04-03 13:17:35,984 174186 INFO eniemela_19 odoo.modules.loading: loading base/data/res_bank.xml 
2026-04-03 13:17:35,985 174186 INFO eniemela_19 odoo.modules.loading: loading base/data/res.lang.csv 
2026-04-03 13:17:36,047 174186 INFO eniemela_19 odoo.modules.loading: loading base/data/res_lang_data.xml 
2026-04-03 13:17:36,057 174186 INFO eniemela_19 odoo.modules.loading: loading base/data/res_partner_data.xml 
2026-04-03 13:17:36,061 174186 INFO eniemela_19 odoo.modules.loading: loading base/data/res_currency_data.xml 
2026-04-03 13:17:36,092 174186 INFO eniemela_19 odoo.modules.loading: loading base/data/res_company_data.xml 
2026-04-03 13:17:36,093 174186 INFO eniemela_19 odoo.modules.loading: loading base/data/res_users_data.xml 
2026-04-03 13:17:36,094 174186 INFO eniemela_19 odoo.modules.loading: loading base/data/report_paperformat_data.xml 
2026-04-03 13:17:36,095 174186 INFO eniemela_19 odoo.modules.loading: loading base/data/res_country_data.xml 
2026-04-03 13:17:36,138 174186 INFO eniemela_19 odoo.modules.loading: loading base/data/ir_demo_data.xml 
2026-04-03 13:17:36,145 174186 INFO eniemela_19 odoo.modules.loading: loading base/security/base_groups.xml 
2026-04-03 13:17:36,226 174186 INFO eniemela_19 odoo.modules.loading: loading base/security/base_security.xml 
2026-04-03 13:17:36,237 174186 INFO eniemela_19 odoo.modules.loading: loading base/wizard/wizard_ir_model_menu_create_views.xml 
2026-04-03 13:17:36,246 174186 INFO eniemela_19 odoo.modules.loading: loading base/views/base_menus.xml 
2026-04-03 13:17:36,278 174186 INFO eniemela_19 odoo.modules.loading: loading base/views/decimal_precision_views.xml 
2026-04-03 13:17:36,287 174186 INFO eniemela_19 odoo.modules.loading: loading base/views/res_config_views.xml 
2026-04-03 13:17:36,291 174186 INFO eniemela_19 odoo.modules.loading: loading base/data/res.country.state.csv 
2026-04-03 13:17:36,782 174186 INFO eniemela_19 odoo.modules.loading: loading base/views/ir_actions_views.xml 
2026-04-03 13:17:36,849 174186 WARNING eniemela_19 odoo.addons.openupgrade_framework.odoo_patch.odoo.addons.base.models.ir_ui_view: Can't render custom view base.ir_cron_view_form for model ir.cron. Assuming you are migrating between major versions of Odoo. Please review the view contents manually after the migration.
Error: Element '<xpath expr="//group[@name=&#39;action_content&#39;]">' cannot be located in parent view 
2026-04-03 13:17:36,880 174186 INFO eniemela_19 odoo.modules.loading: loading base/views/ir_asset_views.xml 
2026-04-03 13:17:36,891 174186 INFO eniemela_19 odoo.modules.loading: loading base/views/ir_config_parameter_views.xml 
2026-04-03 13:17:36,903 174186 INFO eniemela_19 odoo.modules.loading: loading base/views/ir_cron_views.xml 
2026-04-03 13:17:36,926 174186 INFO eniemela_19 odoo.modules.loading: loading base/views/ir_cron_trigger_views.xml 
2026-04-03 13:17:36,938 174186 INFO eniemela_19 odoo.modules.loading: loading base/views/ir_filters_views.xml 
2026-04-03 13:17:36,956 174186 INFO eniemela_19 odoo.modules.loading: loading base/views/ir_mail_server_views.xml 
2026-04-03 13:17:36,971 174186 INFO eniemela_19 odoo.modules.loading: loading base/views/ir_model_views.xml 
2026-04-03 13:17:37,077 174186 INFO eniemela_19 odoo.modules.loading: loading base/views/ir_attachment_views.xml 
2026-04-03 13:17:37,091 174186 INFO eniemela_19 odoo.modules.loading: loading base/views/ir_rule_views.xml 
2026-04-03 13:17:37,107 174186 INFO eniemela_19 odoo.modules.loading: loading base/views/ir_sequence_views.xml 
2026-04-03 13:17:37,123 174186 INFO eniemela_19 odoo.modules.loading: loading base/views/ir_ui_menu_views.xml 
2026-04-03 13:17:37,137 174186 INFO eniemela_19 odoo.modules.loading: loading base/views/ir_ui_view_views.xml 
2026-04-03 13:17:37,171 174186 INFO eniemela_19 odoo.modules.loading: loading base/views/ir_default_views.xml 
2026-04-03 13:17:37,186 174186 INFO eniemela_19 odoo.modules.loading: loading base/data/ir_config_parameter_data.xml 
2026-04-03 13:17:37,188 174186 INFO eniemela_19 odoo.modules.loading: loading base/data/ir_cron_data.xml 
2026-04-03 13:17:37,196 174186 INFO eniemela_19 odoo.modules.loading: loading base/report/ir_model_report.xml 
2026-04-03 13:17:37,197 174186 INFO eniemela_19 odoo.modules.loading: loading base/report/ir_model_templates.xml 
2026-04-03 13:17:37,206 174186 INFO eniemela_19 odoo.modules.loading: loading base/views/ir_logging_views.xml 
2026-04-03 13:17:37,218 174186 INFO eniemela_19 odoo.modules.loading: loading base/views/ir_qweb_widget_templates.xml 
2026-04-03 13:17:37,229 174186 INFO eniemela_19 odoo.modules.loading: loading base/views/ir_module_views.xml 
2026-04-03 13:17:37,264 174186 INFO eniemela_19 odoo.modules.loading: loading base/data/ir_module_category_data.xml 
2026-04-03 13:17:37,281 174186 INFO eniemela_19 odoo.modules.loading: loading base/data/ir_module_module.xml 
2026-04-03 13:17:37,288 174186 INFO eniemela_19 odoo.modules.loading: loading base/report/ir_module_reports.xml 
2026-04-03 13:17:37,289 174186 INFO eniemela_19 odoo.modules.loading: loading base/report/ir_module_report_templates.xml 
2026-04-03 13:17:37,293 174186 INFO eniemela_19 odoo.modules.loading: loading base/wizard/base_module_update_views.xml 
2026-04-03 13:17:37,301 174186 INFO eniemela_19 odoo.modules.loading: loading base/wizard/base_language_install_views.xml 
2026-04-03 13:17:37,309 174186 INFO eniemela_19 odoo.modules.loading: loading base/wizard/base_import_language_views.xml 
2026-04-03 13:17:37,316 174186 INFO eniemela_19 odoo.modules.loading: loading base/wizard/base_module_upgrade_views.xml 
2026-04-03 13:17:37,330 174186 INFO eniemela_19 odoo.modules.loading: loading base/wizard/base_module_uninstall_views.xml 
2026-04-03 13:17:37,337 174186 INFO eniemela_19 odoo.modules.loading: loading base/wizard/base_export_language_views.xml 
2026-04-03 13:17:37,355 174186 INFO eniemela_19 odoo.modules.loading: loading base/wizard/base_partner_merge_views.xml 
2026-04-03 13:17:37,385 174186 INFO eniemela_19 odoo.modules.loading: loading base/data/ir_demo_failure_data.xml 
2026-04-03 13:17:37,422 174186 INFO eniemela_19 odoo.modules.loading: loading base/views/ir_profile_views.xml 
2026-04-03 13:17:37,457 174186 INFO eniemela_19 odoo.modules.loading: loading base/views/res_company_views.xml 
2026-04-03 13:17:37,481 174186 INFO eniemela_19 odoo.modules.loading: loading base/views/res_lang_views.xml 
2026-04-03 13:17:37,505 174186 INFO eniemela_19 odoo.modules.loading: loading base/views/res_partner_views.xml 
2026-04-03 13:17:37,570 174186 INFO eniemela_19 odoo.modules.loading: loading base/views/res_bank_views.xml 
2026-04-03 13:17:37,596 174186 INFO eniemela_19 odoo.modules.loading: loading base/views/res_country_views.xml 
2026-04-03 13:17:37,623 174186 INFO eniemela_19 odoo.modules.loading: loading base/views/res_currency_views.xml 
2026-04-03 13:17:37,647 174186 INFO eniemela_19 odoo.modules.loading: loading base/views/res_groups_views.xml 
2026-04-03 13:17:37,676 174186 INFO eniemela_19 odoo.modules.loading: loading base/views/res_users_views.xml 
2026-04-03 13:17:37,701 174186 WARNING eniemela_19 odoo.addons.openupgrade_framework.odoo_patch.odoo.addons.base.models.ir_ui_view: Can't render custom view base.user_groups_view for model res.users. Assuming you are migrating between major versions of Odoo. Please review the view contents manually after the migration.
Error: Element '<field name="groups_id">' cannot be located in parent view 
2026-04-03 13:17:37,744 174186 INFO eniemela_19 odoo.modules.loading: loading base/views/res_users_apikeys_views.xml 
2026-04-03 13:17:37,747 174186 INFO eniemela_19 odoo.modules.loading: loading base/views/res_device_views.xml 
2026-04-03 13:17:37,765 174186 INFO eniemela_19 odoo.modules.loading: loading base/views/res_users_identitycheck_views.xml 
2026-04-03 13:17:37,770 174186 INFO eniemela_19 odoo.modules.loading: loading base/views/res_config_settings_views.xml 
2026-04-03 13:17:37,776 174186 INFO eniemela_19 odoo.modules.loading: loading base/views/report_paperformat_views.xml 
2026-04-03 13:17:37,790 174186 INFO eniemela_19 odoo.modules.loading: loading base/security/ir.model.access.csv 
2026-04-03 13:17:37,882 174186 INFO eniemela_19 odoo.modules.migration: module base: Running migration [19.0.1.3>] post-migration 
2026-04-03 13:17:37,883 174186 INFO eniemela_19 OpenUpgrade: base: post-migration script called with version 18.0.1.3 
2026-04-03 13:17:37,883 174186 INFO eniemela_19 OpenUpgrade: base: loading 19.0.1.3/noupdate_changes_work.xml 
2026-04-03 13:17:37,904 174186 DEBUG eniemela_19 OpenUpgrade: Deleting record for XML-ID base.ir_filters_delete_own_rule 
2026-04-03 13:17:37,904 174186 DEBUG eniemela_19 OpenUpgrade: Deleting record ir.rule#13 
2026-04-03 13:17:37,909 174186 INFO eniemela_19 odoo.models.unlink: User #1 deleted ir.model.data records with IDs: [2691] 
2026-04-03 13:17:37,909 174186 INFO eniemela_19 odoo.models.unlink: User #1 deleted ir.rule records with IDs: [13] 
2026-04-03 13:17:37,909 174186 DEBUG eniemela_19 OpenUpgrade: Deleting record for XML-ID base.default_user 
2026-04-03 13:17:37,909 174186 DEBUG eniemela_19 OpenUpgrade: Deleting record res.users#3 
2026-04-03 13:17:38,423 174186 INFO eniemela_19 odoo.models.unlink: User #1 deleted ir.model.data records with IDs: [2228] 
2026-04-03 13:17:38,424 174186 INFO eniemela_19 odoo.models.unlink: User #1 deleted res.users records with IDs: [3] 
2026-04-03 13:17:38,424 174186 DEBUG eniemela_19 OpenUpgrade: 2 rows affected after 0:00:00.000147 running UPDATE ir_act_window SET target='current' WHERE target='inline' 
2026-04-03 13:17:38,426 174186 DEBUG eniemela_19 OpenUpgrade: 19 rows affected after 0:00:00.000409 running 
            INSERT INTO ir_filters_res_users_rel (ir_filters_id, res_users_id)
            SELECT id, user_id
            FROM ir_filters
            WHERE user_id is not null
             
2026-04-03 13:17:38,429 174186 DEBUG eniemela_19 OpenUpgrade: 92 rows affected after 0:00:00.001515 running 
                ALTER TABLE res_lang
                ADD COLUMN openupgrade_legacy_19_0_date_format character varying;
                UPDATE res_lang SET openupgrade_legacy_19_0_date_format=date_format
                WHERE date_format IS NOT NULL;
                 
2026-04-03 13:17:38,429 174186 DEBUG eniemela_19 OpenUpgrade: 0 rows affected after 0:00:00.000094 running UPDATE res_lang SET date_format='%m/%d/%Y' WHERE date_format NOT IN ('%d/%m/%Y', '%m/%d/%Y', '%Y/%m/%d', '%d-%m-%Y', '%m-%d-%Y', '%Y-%m-%d', '%d.%m.%Y', '%m.%d.%Y', '%Y.%m.%d') 
2026-04-03 13:17:38,431 174186 DEBUG eniemela_19 OpenUpgrade: 92 rows affected after 0:00:00.001456 running 
                ALTER TABLE res_lang
                ADD COLUMN openupgrade_legacy_19_0_time_format character varying;
                UPDATE res_lang SET openupgrade_legacy_19_0_time_format=time_format
                WHERE time_format IS NOT NULL;
                 
2026-04-03 13:17:38,433 174186 DEBUG eniemela_19 OpenUpgrade: 0 rows affected after 0:00:00.000082 running UPDATE res_lang SET time_format='%H:%M:%S' WHERE time_format NOT IN ('%H:%M:%S', '%I:%M:%S %p') 
2026-04-03 13:17:38,436 174186 DEBUG eniemela_19 OpenUpgrade: 92 rows affected after 0:00:00.001699 running 
                ALTER TABLE res_lang
                ADD COLUMN openupgrade_legacy_19_0_grouping character varying;
                UPDATE res_lang SET openupgrade_legacy_19_0_grouping=grouping
                WHERE grouping IS NOT NULL;
                 
2026-04-03 13:17:38,436 174186 DEBUG eniemela_19 OpenUpgrade: 0 rows affected after 0:00:00.000112 running UPDATE res_lang SET grouping='[3,0]' WHERE grouping NOT IN ('[3,0]', '[3,2,0]') 
2026-04-03 13:17:38,454 174186 INFO eniemela_19 odoo.addons.base.models.ir_module: module base: no translation for language en_GB 
2026-04-03 13:17:38,454 174186 INFO eniemela_19 odoo.addons.base.models.ir_module: module base: loading translation file /home/elmeri/Odoo/src/19/odoo/odoo/addons/base/i18n/fi.po for language fi_FI 
2026-04-03 13:17:39,049 174186 INFO eniemela_19 odoo.modules.loading: Module base loaded in 3.61s, 6551 queries (+6551 other) 
2026-04-03 13:17:39,049 174186 INFO eniemela_19 odoo.modules.loading: 1 modules loaded in 3.61s, 6551 queries (+6551 extra) 
2026-04-03 13:17:39,052 174186 INFO eniemela_19 odoo.modules.loading: updating modules list 
2026-04-03 13:17:39,053 174186 INFO eniemela_19 odoo.addons.base.models.ir_module: ALLOW access to module.update_list on [] to user __system__ #1 via n/a 
2026-04-03 13:17:39,818 174186 INFO eniemela_19 odoo.addons.base.models.ir_module: ALLOW access to module.button_install on ['API Documentation', 'Passkeys', 'Signup', 'Two-Factor Authentication (TOTP)', 'Base import module', 'Base - Module Install Request', 'Google Gmail', 'In-App Purchases', 'OdooBot', 'Microsoft Outlook', 'Privacy', 'RPC endpoints', 'Phone Numbers Validation'] to user __system__ #1 via n/a 
2026-04-03 13:17:39,843 174186 INFO eniemela_19 odoo.addons.base.models.ir_module: ALLOW access to module.button_upgrade on ['Base'] to user __system__ #1 via n/a 
2026-04-03 13:17:39,843 174186 INFO eniemela_19 odoo.addons.base.models.ir_module: ALLOW access to module.update_list on ['Base'] to user __system__ #1 via n/a 
2026-04-03 13:17:40,312 174186 WARNING eniemela_19 odoo.modules.module: module api_endpoint: manifest not found 
2026-04-03 13:17:40,313 174186 WARNING eniemela_19 odoo.modules.module: module bitcoin_browser: manifest not found 
2026-04-03 13:17:40,313 174186 WARNING eniemela_19 odoo.modules.module: module bitcoin_treasury: manifest not found 
2026-04-03 13:17:40,314 174186 WARNING eniemela_19 odoo.modules.module: module cashflow_management: manifest not found 
2026-04-03 13:17:40,315 174186 WARNING eniemela_19 odoo.modules.module: module cloud_manager: manifest not found 
2026-04-03 13:17:40,315 174186 WARNING eniemela_19 odoo.modules.module: module document_directory: manifest not found 
2026-04-03 13:17:40,316 174186 WARNING eniemela_19 odoo.modules.module: module flight_log: manifest not found 
2026-04-03 13:17:40,316 174186 WARNING eniemela_19 odoo.modules.module: module investment_portfolio: manifest not found 
2026-04-03 13:17:40,317 174186 WARNING eniemela_19 odoo.modules.module: module toggl_sync: manifest not found 
2026-04-03 13:17:40,317 174186 WARNING eniemela_19 odoo.modules.module: module version_control: manifest not found 
2026-04-03 13:17:40,318 174186 WARNING eniemela_19 odoo.modules.module: module xml_export: manifest not found 
2026-04-03 13:17:40,319 174186 WARNING eniemela_19 odoo.modules.module: module note: manifest not found 
2026-04-03 13:17:40,320 174186 WARNING eniemela_19 odoo.modules.module: module bitcoin_investment: manifest not found 
2026-04-03 13:17:40,321 174186 WARNING eniemela_19 odoo.modules.module: module chart_widget: manifest not found 
2026-04-03 13:17:40,321 174186 WARNING eniemela_19 odoo.modules.module: module diff_widget: manifest not found 
2026-04-03 13:17:40,322 174186 WARNING eniemela_19 odoo.modules.module: module multi_uninstall: manifest not found 
2026-04-03 13:17:40,322 174186 WARNING eniemela_19 odoo.modules.module: module timeago_widget: manifest not found 
2026-04-03 13:17:40,327 174186 INFO eniemela_19 odoo.addons.base.models.ir_module: ALLOW access to module.button_install on [] to user __system__ #1 via n/a 
2026-04-03 13:17:40,378 174186 WARNING eniemela_19 odoo.modules.module_graph: module cloud_manager: not installable, skipped 
2026-04-03 13:17:40,378 174186 WARNING eniemela_19 odoo.modules.module_graph: module chart_widget: not installable, skipped 
2026-04-03 13:17:40,378 174186 WARNING eniemela_19 odoo.modules.module_graph: module investment_portfolio: not installable, skipped 
2026-04-03 13:17:40,378 174186 WARNING eniemela_19 odoo.modules.module_graph: module xml_export: not installable, skipped 
2026-04-03 13:17:40,378 174186 WARNING eniemela_19 odoo.modules.module_graph: module diff_widget: not installable, skipped 
2026-04-03 13:17:40,378 174186 WARNING eniemela_19 odoo.modules.module_graph: module timeago_widget: not installable, skipped 
2026-04-03 13:17:40,378 174186 WARNING eniemela_19 odoo.modules.module_graph: module api_endpoint: not installable, skipped 
2026-04-03 13:17:40,378 174186 WARNING eniemela_19 odoo.modules.module_graph: module bitcoin_treasury: not installable, skipped 
2026-04-03 13:17:40,378 174186 WARNING eniemela_19 odoo.modules.module_graph: module document_directory: not installable, skipped 
2026-04-03 13:17:40,378 174186 WARNING eniemela_19 odoo.modules.module_graph: module flight_log: not installable, skipped 
2026-04-03 13:17:40,378 174186 WARNING eniemela_19 odoo.modules.module_graph: module toggl_sync: not installable, skipped 
2026-04-03 13:17:40,378 174186 WARNING eniemela_19 odoo.modules.module_graph: module bitcoin_browser: not installable, skipped 
2026-04-03 13:17:40,378 174186 WARNING eniemela_19 odoo.modules.module_graph: module cashflow_management: not installable, skipped 
2026-04-03 13:17:40,378 174186 WARNING eniemela_19 odoo.modules.module_graph: module version_control: not installable, skipped 
2026-04-03 13:17:40,378 174186 WARNING eniemela_19 odoo.modules.module_graph: module note: not installable, skipped 
2026-04-03 13:17:40,378 174186 WARNING eniemela_19 odoo.modules.module_graph: module bitcoin_investment: not installable, skipped 
2026-04-03 13:17:40,378 174186 WARNING eniemela_19 odoo.modules.module_graph: module multi_uninstall: not installable, skipped 
2026-04-03 13:17:40,381 174186 INFO eniemela_19 odoo.modules.loading: loading 29 modules... 
2026-04-03 13:17:40,381 174186 INFO eniemela_19 odoo.modules.loading: Loading module uom (2/29) 
2026-04-03 13:17:40,384 174186 INFO eniemela_19 odoo.modules.migration: module uom: Running migration [>19.0.1.0] pre-migration 
2026-04-03 13:17:40,385 174186 INFO eniemela_19 OpenUpgrade: uom: pre-migration script called with version 18.0.1.0 
2026-04-03 13:17:40,386 174186 DEBUG eniemela_19 OpenUpgrade: 26 rows affected after 0:00:00.000368 running 
                ALTER TABLE uom_uom
                ADD COLUMN openupgrade_legacy_19_0_category_id integer;
                UPDATE uom_uom SET openupgrade_legacy_19_0_category_id=category_id
                WHERE category_id IS NOT NULL;
                 
2026-04-03 13:17:40,388 174186 DEBUG eniemela_19 OpenUpgrade: 26 rows affected after 0:00:00.000798 running 
                ALTER TABLE uom_uom
                ADD COLUMN openupgrade_legacy_19_0_factor numeric;
                UPDATE uom_uom SET openupgrade_legacy_19_0_factor=factor
                WHERE factor IS NOT NULL;
                 
2026-04-03 13:17:40,389 174186 DEBUG eniemela_19 OpenUpgrade: 26 rows affected after 0:00:00.000477 running 
                ALTER TABLE uom_uom
                ADD COLUMN openupgrade_legacy_19_0_rounding numeric;
                UPDATE uom_uom SET openupgrade_legacy_19_0_rounding=rounding
                WHERE rounding IS NOT NULL;
                 
2026-04-03 13:17:40,391 174186 DEBUG eniemela_19 OpenUpgrade: 26 rows affected after 0:00:00.000533 running 
                ALTER TABLE uom_uom
                ADD COLUMN openupgrade_legacy_19_0_uom_type character varying;
                UPDATE uom_uom SET openupgrade_legacy_19_0_uom_type=uom_type
                WHERE uom_type IS NOT NULL;
                 
2026-04-03 13:17:40,391 174186 INFO eniemela_19 OpenUpgrade: XMLID product.decimal_product_uom not found when renaming to uom.decimal_product_uom 
2026-04-03 13:17:40,391 174186 DEBUG eniemela_19 OpenUpgrade: 1 rows affected after 0:00:00.000066 running UPDATE ir_model_data SET module = 'uom', name = 'product_uom_square_foot' WHERE module = 'uom' and name = 'uom_square_foot' 
2026-04-03 13:17:40,391 174186 DEBUG eniemela_19 OpenUpgrade: 1 rows affected after 0:00:00.000044 running UPDATE ir_model_data SET module = 'uom', name = 'product_uom_square_meter' WHERE module = 'uom' and name = 'uom_square_meter' 
2026-04-03 13:17:40,391 174186 DEBUG eniemela_19 OpenUpgrade: -1 rows affected after 0:00:00.000144 running ALTER TABLE uom_uom
           DROP CONSTRAINT IF EXISTS uom_uom_factor_reference_is_one 
2026-04-03 13:17:40,391 174186 DEBUG eniemela_19 OpenUpgrade: Deleting record for XML-ID uom.constraint_uom_uom_factor_reference_is_one 
2026-04-03 13:17:40,392 174186 DEBUG eniemela_19 OpenUpgrade: Deleting record ir.model.constraint#869 
2026-04-03 13:17:40,397 174186 INFO eniemela_19 odoo.models.unlink: User #1 deleted ir.model.data records with IDs: [106599] 
2026-04-03 13:17:40,397 174186 INFO eniemela_19 odoo.models.unlink: User #1 deleted ir.model.constraint records with IDs: [869] 
2026-04-03 13:17:40,399 174186 INFO eniemela_19 odoo.registry: module uom: creating or updating database tables 
2026-04-03 13:17:40,402 174186 INFO eniemela_19 odoo.models: Prepare computation of uom.uom.sequence 
2026-04-03 13:17:40,402 174186 INFO eniemela_19 odoo.models: Computing parent_path for table uom_uom... 
2026-04-03 13:17:40,419 174186 INFO eniemela_19 odoo.modules.loading: loading uom/data/uom_data.xml 
2026-04-03 13:17:40,430 174186 INFO eniemela_19 odoo.modules.loading: loading uom/security/uom_security.xml 
2026-04-03 13:17:40,432 174186 INFO eniemela_19 odoo.modules.loading: loading uom/security/ir.model.access.csv 
2026-04-03 13:17:40,435 174186 INFO eniemela_19 odoo.modules.loading: loading uom/views/uom_uom_views.xml 
2026-04-03 13:17:40,454 174186 INFO eniemela_19 odoo.modules.migration: module uom: Running migration [19.0.1.0>] post-migration 
2026-04-03 13:17:40,455 174186 INFO eniemela_19 OpenUpgrade: uom: post-migration script called with version 18.0.1.0 
2026-04-03 13:17:40,455 174186 INFO eniemela_19 OpenUpgrade: uom: loading 19.0.1.0/noupdate_changes_work.xml 
2026-04-03 13:17:40,501 174186 INFO eniemela_19 odoo.addons.base.models.ir_module: module uom: no translation for language en_GB 
2026-04-03 13:17:40,501 174186 INFO eniemela_19 odoo.addons.base.models.ir_module: module uom: loading translation file /home/elmeri/Odoo/src/19/odoo/addons/uom/i18n/fi.po for language fi_FI 
2026-04-03 13:17:40,527 174186 INFO eniemela_19 odoo.modules.loading: Module uom loaded in 0.15s, 439 queries (+439 other) 
2026-04-03 13:17:40,527 174186 INFO eniemela_19 odoo.modules.loading: Loading module web (3/29) 
2026-04-03 13:17:40,564 174186 INFO eniemela_19 odoo.registry: module web: creating or updating database tables 
2026-04-03 13:17:40,868 174186 INFO eniemela_19 odoo.schema: Keep unexpected index ir_model_constraint__type_index on table ir_model_constraint 
2026-04-03 13:17:40,869 174186 INFO eniemela_19 odoo.schema: Keep unexpected index ir_rule__name_index on table ir_rule 
2026-04-03 13:17:40,895 174186 INFO eniemela_19 odoo.modules.loading: loading web/security/ir.model.access.csv 
2026-04-03 13:17:40,902 174186 INFO eniemela_19 odoo.modules.loading: loading web/security/web_security.xml 
2026-04-03 13:17:40,907 174186 INFO eniemela_19 odoo.modules.loading: loading web/views/webclient_templates.xml 
2026-04-03 13:17:40,976 174186 INFO eniemela_19 odoo.modules.loading: loading web/views/report_templates.xml 
2026-04-03 13:17:41,098 174186 INFO eniemela_19 odoo.modules.loading: loading web/views/base_document_layout_views.xml 
2026-04-03 13:17:41,110 174186 INFO eniemela_19 odoo.modules.loading: loading web/views/partner_view.xml 
2026-04-03 13:17:41,117 174186 INFO eniemela_19 odoo.modules.loading: loading web/views/speedscope_template.xml 
2026-04-03 13:17:41,124 174186 INFO eniemela_19 odoo.modules.loading: loading web/views/memory_template.xml 
2026-04-03 13:17:41,130 174186 INFO eniemela_19 odoo.modules.loading: loading web/views/speedscope_config_wizard.xml 
2026-04-03 13:17:41,133 174186 INFO eniemela_19 odoo.modules.loading: loading web/views/neutralize_views.xml 
2026-04-03 13:17:41,141 174186 INFO eniemela_19 odoo.modules.loading: loading web/views/ir_ui_view_views.xml 
2026-04-03 13:17:41,152 174186 INFO eniemela_19 odoo.modules.loading: loading web/data/ir_attachment.xml 
2026-04-03 13:17:41,154 174186 INFO eniemela_19 odoo.modules.loading: loading web/data/report_layout.xml 
2026-04-03 13:17:41,170 174186 INFO eniemela_19 odoo.addons.base.models.ir_module: module web: no translation for language en_GB 
2026-04-03 13:17:41,170 174186 INFO eniemela_19 odoo.addons.base.models.ir_module: module web: loading translation file /home/elmeri/Odoo/src/19/odoo/addons/web/i18n/fi.po for language fi_FI 
2026-04-03 13:17:41,323 174186 INFO eniemela_19 odoo.modules.loading: Module web loaded in 0.80s, 1468 queries (+1468 other) 
2026-04-03 13:17:41,323 174186 INFO eniemela_19 odoo.modules.loading: Loading module base_import (4/29) 
2026-04-03 13:17:41,358 174186 INFO eniemela_19 odoo.registry: module base_import: creating or updating database tables 
2026-04-03 13:17:41,615 174186 INFO eniemela_19 odoo.schema: Keep unexpected index ir_model_constraint__type_index on table ir_model_constraint 
2026-04-03 13:17:41,615 174186 INFO eniemela_19 odoo.schema: Keep unexpected index ir_rule__name_index on table ir_rule 
2026-04-03 13:17:41,622 174186 INFO eniemela_19 odoo.modules.loading: loading base_import/security/ir.model.access.csv 
2026-04-03 13:17:41,627 174186 INFO eniemela_19 odoo.addons.base.models.ir_module: module base_import: no translation for language en_GB 
2026-04-03 13:17:41,628 174186 INFO eniemela_19 odoo.addons.base.models.ir_module: module base_import: loading translation file /home/elmeri/Odoo/src/19/odoo/addons/base_import/i18n/fi.po for language fi_FI 
2026-04-03 13:17:41,637 174186 INFO eniemela_19 odoo.modules.loading: Module base_import loaded in 0.31s, 930 queries (+930 other) 
2026-04-03 13:17:41,637 174186 INFO eniemela_19 odoo.modules.loading: Loading module base_setup (5/29) 
2026-04-03 13:17:41,643 174186 INFO eniemela_19 odoo.registry: module base_setup: creating or updating database tables 
2026-04-03 13:17:41,663 174186 INFO eniemela_19 odoo.modules.loading: loading base_setup/data/base_setup_data.xml 
2026-04-03 13:17:41,664 174186 INFO eniemela_19 odoo.modules.loading: loading base_setup/views/res_config_settings_views.xml 
2026-04-03 13:17:41,694 174186 INFO eniemela_19 odoo.modules.loading: loading base_setup/views/res_partner_views.xml 
2026-04-03 13:17:41,704 174186 INFO eniemela_19 odoo.modules.migration: module base_setup: Running migration [19.0.1.0>] post-migration 
2026-04-03 13:17:41,705 174186 INFO eniemela_19 OpenUpgrade: base_setup: post-migration script called with version 18.0.1.0 
2026-04-03 13:17:41,705 174186 DEBUG eniemela_19 OpenUpgrade: Deleting record for XML-ID base_setup.setup_default_user_rights 
2026-04-03 13:17:41,706 174186 INFO eniemela_19 odoo.addons.base.models.ir_module: module base_setup: no translation for language en_GB 
2026-04-03 13:17:41,706 174186 INFO eniemela_19 odoo.addons.base.models.ir_module: module base_setup: loading translation file /home/elmeri/Odoo/src/19/odoo/addons/base_setup/i18n/fi.po for language fi_FI 
2026-04-03 13:17:41,724 174186 INFO eniemela_19 odoo.modules.loading: Module base_setup loaded in 0.09s, 163 queries (+163 other) 
2026-04-03 13:17:41,724 174186 INFO eniemela_19 odoo.modules.loading: Loading module bus (6/29) 
2026-04-03 13:17:41,736 174186 INFO eniemela_19 odoo.registry: module bus: creating or updating database tables 
2026-04-03 13:17:41,799 174186 INFO eniemela_19 odoo.modules.loading: loading bus/security/ir.model.access.csv 
2026-04-03 13:17:41,809 174186 INFO eniemela_19 odoo.addons.base.models.ir_module: module bus: no translation for language en_GB 
2026-04-03 13:17:41,809 174186 INFO eniemela_19 odoo.addons.base.models.ir_module: module bus: loading translation file /home/elmeri/Odoo/src/19/odoo/addons/bus/i18n/fi.po for language fi_FI 
2026-04-03 13:17:41,822 174186 INFO eniemela_19 odoo.modules.loading: Module bus loaded in 0.10s, 149 queries (+149 other) 
2026-04-03 13:17:41,822 174186 INFO eniemela_19 odoo.modules.loading: Loading module http_routing (7/29) 
2026-04-03 13:17:41,831 174186 INFO eniemela_19 odoo.registry: module http_routing: creating or updating database tables 
2026-04-03 13:17:41,856 174186 INFO eniemela_19 odoo.modules.loading: loading http_routing/views/http_routing_template.xml 
2026-04-03 13:17:41,913 174186 INFO eniemela_19 odoo.modules.loading: loading http_routing/views/res_lang_views.xml 
2026-04-03 13:17:41,928 174186 INFO eniemela_19 odoo.addons.base.models.ir_module: module http_routing: no translation for language en_GB 
2026-04-03 13:17:41,928 174186 INFO eniemela_19 odoo.addons.base.models.ir_module: module http_routing: loading translation file /home/elmeri/Odoo/src/19/odoo/addons/http_routing/i18n/fi.po for language fi_FI 
2026-04-03 13:17:41,945 174186 INFO eniemela_19 odoo.modules.loading: Module http_routing loaded in 0.12s, 184 queries (+184 other) 
2026-04-03 13:17:41,945 174186 INFO eniemela_19 odoo.modules.loading: Loading module web_tour (8/29) 
2026-04-03 13:17:41,951 174186 INFO eniemela_19 odoo.registry: module web_tour: creating or updating database tables 
2026-04-03 13:17:41,970 174186 INFO eniemela_19 odoo.modules.loading: loading web_tour/security/ir.model.access.csv 
2026-04-03 13:17:41,974 174186 INFO eniemela_19 odoo.modules.loading: loading web_tour/views/tour_views.xml 
2026-04-03 13:17:42,012 174186 INFO eniemela_19 odoo.addons.base.models.ir_module: module web_tour: no translation for language en_GB 
2026-04-03 13:17:42,012 174186 INFO eniemela_19 odoo.addons.base.models.ir_module: module web_tour: loading translation file /home/elmeri/Odoo/src/19/odoo/addons/web_tour/i18n/fi.po for language fi_FI 
2026-04-03 13:17:42,025 174186 INFO eniemela_19 odoo.modules.loading: Module web_tour loaded in 0.08s, 168 queries (+168 other) 
2026-04-03 13:17:42,025 174186 INFO eniemela_19 odoo.modules.loading: Loading module html_editor (9/29) 
2026-04-03 13:17:42,253 174186 INFO eniemela_19 odoo.registry: module html_editor: creating or updating database tables 
2026-04-03 13:17:42,491 174186 INFO eniemela_19 odoo.schema: Keep unexpected index ir_model_constraint__type_index on table ir_model_constraint 
2026-04-03 13:17:42,491 174186 INFO eniemela_19 odoo.schema: Keep unexpected index ir_rule__name_index on table ir_rule 
2026-04-03 13:17:42,509 174186 INFO eniemela_19 odoo.modules.loading: loading html_editor/security/ir.model.access.csv 
2026-04-03 13:17:42,516 174186 INFO eniemela_19 odoo.addons.base.models.ir_module: module html_editor: no translation for language en_GB 
2026-04-03 13:17:42,516 174186 INFO eniemela_19 odoo.addons.base.models.ir_module: module html_editor: loading translation file /home/elmeri/Odoo/src/19/odoo/addons/html_editor/i18n/fi.po for language fi_FI 
2026-04-03 13:17:42,541 174186 INFO eniemela_19 odoo.modules.loading: Module html_editor loaded in 0.52s, 1004 queries (+1004 other) 
2026-04-03 13:17:42,541 174186 INFO eniemela_19 odoo.modules.loading: Loading module mail (10/29) 
2026-04-03 13:17:42,585 174186 INFO eniemela_19 odoo.registry: module mail: creating or updating database tables 
2026-04-03 13:17:42,646 174186 INFO eniemela_19 odoo.models: Prepare computation of ir.actions.server.followers_type 
2026-04-03 13:17:42,646 174186 INFO eniemela_19 odoo.models: Prepare computation of ir.actions.server.followers_partner_field_name 
2026-04-03 13:17:43,002 174186 INFO eniemela_19 odoo.schema: Keep unexpected index ir_model_constraint__type_index on table ir_model_constraint 
2026-04-03 13:17:43,002 174186 INFO eniemela_19 odoo.schema: Keep unexpected index ir_rule__name_index on table ir_rule 
2026-04-03 13:17:43,052 174186 INFO eniemela_19 odoo.modules.loading: loading mail/data/mail_groups.xml 
2026-04-03 13:17:43,056 174186 INFO eniemela_19 odoo.modules.loading: loading mail/wizard/mail_activity_schedule_views.xml 
2026-04-03 13:17:43,069 174186 INFO eniemela_19 odoo.modules.loading: loading mail/wizard/mail_blacklist_remove_views.xml 
2026-04-03 13:17:43,072 174186 INFO eniemela_19 odoo.modules.loading: loading mail/wizard/mail_compose_message_views.xml 
2026-04-03 13:17:43,085 174186 INFO eniemela_19 odoo.modules.loading: loading mail/wizard/mail_template_preview_views.xml 
2026-04-03 13:17:43,091 174186 INFO eniemela_19 odoo.modules.loading: loading mail/wizard/mail_followers_edit_views.xml 
2026-04-03 13:17:43,096 174186 INFO eniemela_19 odoo.modules.loading: loading mail/wizard/mail_template_reset_views.xml 
2026-04-03 13:17:43,101 174186 INFO eniemela_19 odoo.modules.loading: loading mail/views/fetchmail_views.xml 
2026-04-03 13:17:43,112 174186 INFO eniemela_19 odoo.modules.loading: loading mail/views/ir_cron_views.xml 
2026-04-03 13:17:43,119 174186 WARNING eniemela_19 odoo.addons.openupgrade_framework.odoo_patch.odoo.addons.base.models.ir_ui_view: Can't render custom view mail.view_server_action_form_template for model ir.actions.server. Assuming you are migrating between major versions of Odoo. Please review the view contents manually after the migration.
Error: Element '<xpath expr="//group[@name=&#39;action_content&#39;]">' cannot be located in parent view 
2026-04-03 13:17:43,123 174186 INFO eniemela_19 odoo.modules.loading: loading mail/views/ir_filters_views.xml 
2026-04-03 13:17:43,138 174186 INFO eniemela_19 odoo.modules.loading: loading mail/views/ir_mail_server_views.xml 
2026-04-03 13:17:43,145 174186 INFO eniemela_19 odoo.modules.loading: loading mail/views/mail_message_subtype_views.xml 
2026-04-03 13:17:43,165 174186 INFO eniemela_19 odoo.modules.loading: loading mail/views/mail_tracking_value_views.xml 
2026-04-03 13:17:43,176 174186 INFO eniemela_19 odoo.modules.loading: loading mail/views/mail_notification_views.xml 
2026-04-03 13:17:43,183 174186 INFO eniemela_19 odoo.modules.loading: loading mail/views/mail_message_views.xml 
2026-04-03 13:17:43,200 174186 INFO eniemela_19 odoo.modules.loading: loading mail/views/mail_message_schedule_views.xml 
2026-04-03 13:17:43,208 174186 INFO eniemela_19 odoo.modules.loading: loading mail/views/mail_mail_views.xml 
2026-04-03 13:17:43,224 174186 INFO eniemela_19 odoo.modules.loading: loading mail/views/mail_followers_views.xml 
2026-04-03 13:17:43,230 174186 INFO eniemela_19 odoo.modules.loading: loading mail/views/mail_ice_server_views.xml 
2026-04-03 13:17:43,241 174186 INFO eniemela_19 odoo.modules.loading: loading mail/views/discuss_channel_member_views.xml 
2026-04-03 13:17:43,262 174186 INFO eniemela_19 odoo.modules.loading: loading mail/views/discuss_channel_rtc_session_views.xml 
2026-04-03 13:17:43,273 174186 INFO eniemela_19 odoo.modules.loading: loading mail/views/mail_link_preview_views.xml 
2026-04-03 13:17:43,282 174186 INFO eniemela_19 odoo.modules.loading: loading mail/views/discuss/discuss_gif_favorite_views.xml 
2026-04-03 13:17:43,288 174186 INFO eniemela_19 odoo.modules.loading: loading mail/views/discuss_channel_views.xml 
2026-04-03 13:17:43,306 174186 INFO eniemela_19 odoo.modules.loading: loading mail/views/mail_canned_response_views.xml 
2026-04-03 13:17:43,324 174186 INFO eniemela_19 odoo.modules.loading: loading mail/views/res_role_views.xml 
2026-04-03 13:17:43,332 174186 INFO eniemela_19 odoo.modules.loading: loading mail/views/mail_activity_views.xml 
2026-04-03 13:17:43,421 174186 INFO eniemela_19 odoo.modules.loading: loading mail/views/mail_activity_plan_views.xml 
2026-04-03 13:17:43,449 174186 INFO eniemela_19 odoo.modules.loading: loading mail/views/mail_activity_plan_template_views.xml 
2026-04-03 13:17:43,455 174186 INFO eniemela_19 odoo.modules.loading: loading mail/views/res_config_settings_views.xml 
2026-04-03 13:17:43,477 174186 INFO eniemela_19 odoo.modules.loading: loading mail/data/ir_config_parameter_data.xml 
2026-04-03 13:17:43,478 174186 INFO eniemela_19 odoo.modules.loading: loading mail/data/res_partner_data.xml 
2026-04-03 13:17:43,482 174186 INFO eniemela_19 odoo.modules.loading: loading mail/data/mail_message_subtype_data.xml 
2026-04-03 13:17:43,485 174186 INFO eniemela_19 odoo.modules.loading: loading mail/data/mail_templates_chatter.xml 
2026-04-03 13:17:43,499 174186 INFO eniemela_19 odoo.modules.loading: loading mail/data/mail_templates_email_layouts.xml 
2026-04-03 13:17:43,516 174186 INFO eniemela_19 odoo.modules.loading: loading mail/data/mail_templates_mailgateway.xml 
2026-04-03 13:17:43,527 174186 INFO eniemela_19 odoo.modules.loading: loading mail/data/discuss_channel_data.xml 
2026-04-03 13:17:43,528 174186 INFO eniemela_19 odoo.modules.loading: loading mail/data/mail_activity_type_data.xml 
2026-04-03 13:17:43,530 174186 INFO eniemela_19 odoo.modules.loading: loading mail/data/security_notifications_templates.xml 
2026-04-03 13:17:43,532 174186 INFO eniemela_19 odoo.modules.loading: loading mail/data/ir_cron_data.xml 
2026-04-03 13:17:43,534 174186 INFO eniemela_19 odoo.modules.loading: loading mail/data/ir_actions_client.xml 
2026-04-03 13:17:43,535 174186 INFO eniemela_19 odoo.modules.loading: loading mail/security/mail_security.xml 
2026-04-03 13:17:43,545 174186 INFO eniemela_19 odoo.modules.loading: loading mail/security/ir.model.access.csv 
2026-04-03 13:17:43,578 174186 INFO eniemela_19 odoo.modules.loading: loading mail/views/discuss_public_templates.xml 
2026-04-03 13:17:43,582 174186 INFO eniemela_19 odoo.modules.loading: loading mail/views/mail_alias_domain_views.xml 
2026-04-03 13:17:43,593 174186 INFO eniemela_19 odoo.modules.loading: loading mail/views/mail_alias_views.xml 
2026-04-03 13:17:43,603 174186 INFO eniemela_19 odoo.modules.loading: loading mail/views/mail_gateway_allowed_views.xml 
2026-04-03 13:17:43,610 174186 INFO eniemela_19 odoo.modules.loading: loading mail/views/mail_guest_views.xml 
2026-04-03 13:17:43,616 174186 INFO eniemela_19 odoo.modules.loading: loading mail/views/mail_message_reaction_views.xml 
2026-04-03 13:17:43,622 174186 INFO eniemela_19 odoo.modules.loading: loading mail/views/mail_templates_public.xml 
2026-04-03 13:17:43,628 174186 INFO eniemela_19 odoo.modules.loading: loading mail/views/res_users_views.xml 
2026-04-03 13:17:43,650 174186 WARNING eniemela_19 odoo.addons.openupgrade_framework.odoo_patch.odoo.addons.base.models.ir_ui_view: Can't render custom view base.user_groups_view for model res.users. Assuming you are migrating between major versions of Odoo. Please review the view contents manually after the migration.
Error: Element '<field name="groups_id">' cannot be located in parent view 
2026-04-03 13:17:43,654 174186 WARNING eniemela_19 odoo.addons.openupgrade_framework.odoo_patch.odoo.addons.base.models.ir_ui_view: Can't render custom view base.user_groups_view for model res.users. Assuming you are migrating between major versions of Odoo. Please review the view contents manually after the migration.
Error: Element '<field name="groups_id">' cannot be located in parent view 
2026-04-03 13:17:43,657 174186 INFO eniemela_19 odoo.modules.loading: loading mail/views/res_users_settings_views.xml 
2026-04-03 13:17:43,666 174186 INFO eniemela_19 odoo.modules.loading: loading mail/views/mail_template_views.xml 
2026-04-03 13:17:43,686 174186 INFO eniemela_19 odoo.modules.loading: loading mail/views/ir_actions_server_views.xml 
2026-04-03 13:17:43,704 174186 INFO eniemela_19 odoo.modules.loading: loading mail/views/ir_model_views.xml 
2026-04-03 13:17:43,732 174186 INFO eniemela_19 odoo.modules.loading: loading mail/views/res_partner_views.xml 
2026-04-03 13:17:43,767 174186 INFO eniemela_19 odoo.modules.loading: loading mail/views/mail_blacklist_views.xml 
2026-04-03 13:17:43,777 174186 INFO eniemela_19 odoo.modules.loading: loading mail/views/mail_menus.xml 
2026-04-03 13:17:43,831 174186 INFO eniemela_19 odoo.modules.loading: loading mail/views/discuss/discuss_menus.xml 
2026-04-03 13:17:43,833 174186 INFO eniemela_19 odoo.modules.loading: loading mail/views/discuss/discuss_call_history_views.xml 
2026-04-03 13:17:43,840 174186 INFO eniemela_19 odoo.modules.loading: loading mail/views/res_company_views.xml 
2026-04-03 13:17:43,851 174186 INFO eniemela_19 odoo.modules.loading: loading mail/views/mail_scheduled_message_views.xml 
2026-04-03 13:17:43,864 174186 INFO eniemela_19 odoo.modules.loading: loading mail/data/mail_canned_response_data.xml 
2026-04-03 13:17:43,865 174186 INFO eniemela_19 odoo.modules.loading: loading mail/data/mail_templates_invite.xml 
2026-04-03 13:17:43,886 174186 INFO eniemela_19 odoo.modules.loading: loading mail/data/web_tour_tour.xml 
2026-04-03 13:17:43,889 174186 INFO eniemela_19 odoo.modules.migration: module mail: Running migration [19.0.1.19>] post-migration 
2026-04-03 13:17:43,891 174186 INFO eniemela_19 OpenUpgrade: mail: post-migration script called with version 18.0.1.18 
2026-04-03 13:17:43,891 174186 INFO eniemela_19 OpenUpgrade: mail: loading 19.0.1.19/noupdate_changes.xml 
2026-04-03 13:17:43,943 174186 DEBUG eniemela_19 OpenUpgrade: Deleting record for XML-ID mail.ir_cron_discuss_users_settings_unmute 
2026-04-03 13:17:43,944 174186 DEBUG eniemela_19 OpenUpgrade: Deleting record ir.cron#44 
2026-04-03 13:17:43,966 174186 INFO eniemela_19 odoo.models.unlink: User #1 deleted ir.model.data records with IDs: [379035] 
2026-04-03 13:17:43,966 174186 INFO eniemela_19 odoo.models.unlink: User #1 deleted ir.cron records with IDs: [44] 
2026-04-03 13:17:43,967 174186 DEBUG eniemela_19 OpenUpgrade: Deleting record for XML-ID mail.module_category_canned_response 
2026-04-03 13:17:43,967 174186 DEBUG eniemela_19 OpenUpgrade: Deleting record ir.module.category#192 
2026-04-03 13:17:43,970 174186 INFO eniemela_19 odoo.models.unlink: User #1 deleted ir.model.data records with IDs: [378907] 
2026-04-03 13:17:43,970 174186 INFO eniemela_19 odoo.models.unlink: User #1 deleted ir.module.category records with IDs: [192] 
2026-04-03 13:17:43,978 174186 INFO eniemela_19 odoo.addons.base.models.ir_module: module mail: no translation for language en_GB 
2026-04-03 13:17:43,979 174186 INFO eniemela_19 odoo.addons.base.models.ir_module: module mail: loading translation file /home/elmeri/Odoo/src/19/odoo/addons/mail/i18n/fi.po for language fi_FI 
2026-04-03 13:17:44,206 174186 INFO eniemela_19 odoo.modules.loading: Module mail loaded in 1.66s, 4157 queries (+4157 other) 
2026-04-03 13:17:44,206 174186 INFO eniemela_19 odoo.modules.loading: Loading module web_unsplash (11/29) 
2026-04-03 13:17:44,219 174186 INFO eniemela_19 odoo.registry: module web_unsplash: creating or updating database tables 
2026-04-03 13:17:44,245 174186 INFO eniemela_19 odoo.modules.loading: loading web_unsplash/views/res_config_settings_view.xml 
2026-04-03 13:17:44,268 174186 INFO eniemela_19 odoo.addons.base.models.ir_module: module web_unsplash: no translation for language en_GB 
2026-04-03 13:17:44,268 174186 INFO eniemela_19 odoo.addons.base.models.ir_module: module web_unsplash: loading translation file /home/elmeri/Odoo/src/19/odoo/addons/web_unsplash/i18n/fi.po for language fi_FI 
2026-04-03 13:17:44,275 174186 INFO eniemela_19 odoo.modules.loading: Module web_unsplash loaded in 0.07s, 127 queries (+127 other) 
2026-04-03 13:17:44,275 174186 INFO eniemela_19 odoo.modules.loading: Loading module rpc (12/29) 
2026-04-03 13:17:44,287 174186 INFO eniemela_19 odoo.addons.base.models.ir_module: module rpc: no translation for language en_GB 
2026-04-03 13:17:44,287 174186 INFO eniemela_19 odoo.addons.base.models.ir_module: module rpc: no translation for language fi_FI 
2026-04-03 13:17:44,293 174186 INFO eniemela_19 odoo.modules.loading: Module rpc loaded in 0.02s, 11 queries (+11 other) 
2026-04-03 13:17:44,293 174186 INFO eniemela_19 odoo.modules.loading: Loading module api_doc (13/29) 
2026-04-03 13:17:44,298 174186 INFO eniemela_19 odoo.registry: module api_doc: creating or updating database tables 
2026-04-03 13:17:44,309 174186 INFO eniemela_19 odoo.modules.loading: loading api_doc/security/res_groups.xml 
2026-04-03 13:17:44,325 174186 INFO eniemela_19 odoo.modules.loading: loading api_doc/views/docclient.xml 
2026-04-03 13:17:44,330 174186 INFO eniemela_19 odoo.addons.base.models.ir_module: module api_doc: no translation for language en_GB 
2026-04-03 13:17:44,331 174186 INFO eniemela_19 odoo.addons.base.models.ir_module: module api_doc: loading translation file /home/elmeri/Odoo/src/19/odoo/addons/api_doc/i18n/fi.po for language fi_FI 
2026-04-03 13:17:44,344 174186 INFO eniemela_19 odoo.modules.loading: Module api_doc loaded in 0.05s, 76 queries (+76 other) 
2026-04-03 13:17:44,344 174186 INFO eniemela_19 odoo.modules.loading: Loading module auth_totp (14/29) 
2026-04-03 13:17:44,358 174186 INFO eniemela_19 odoo.registry: module auth_totp: creating or updating database tables 
2026-04-03 13:17:44,408 174186 INFO eniemela_19 odoo.modules.loading: loading auth_totp/security/security.xml 
2026-04-03 13:17:44,420 174186 INFO eniemela_19 odoo.modules.loading: loading auth_totp/security/ir.model.access.csv 
2026-04-03 13:17:44,425 174186 INFO eniemela_19 odoo.modules.loading: loading auth_totp/data/ir_action_data.xml 
2026-04-03 13:17:44,437 174186 INFO eniemela_19 odoo.modules.loading: loading auth_totp/views/res_users_views.xml 
2026-04-03 13:17:44,452 174186 WARNING eniemela_19 odoo.addons.openupgrade_framework.odoo_patch.odoo.addons.base.models.ir_ui_view: Can't render custom view base.user_groups_view for model res.users. Assuming you are migrating between major versions of Odoo. Please review the view contents manually after the migration.
Error: Element '<field name="groups_id">' cannot be located in parent view 
2026-04-03 13:17:44,461 174186 INFO eniemela_19 odoo.modules.loading: loading auth_totp/views/templates.xml 
2026-04-03 13:17:44,464 174186 INFO eniemela_19 odoo.modules.loading: loading auth_totp/wizard/auth_totp_wizard_views.xml 
2026-04-03 13:17:44,471 174186 INFO eniemela_19 odoo.addons.base.models.ir_module: module auth_totp: no translation for language en_GB 
2026-04-03 13:17:44,471 174186 INFO eniemela_19 odoo.addons.base.models.ir_module: module auth_totp: loading translation file /home/elmeri/Odoo/src/19/odoo/addons/auth_totp/i18n/fi.po for language fi_FI 
2026-04-03 13:17:44,491 174186 INFO eniemela_19 odoo.modules.loading: Module auth_totp loaded in 0.15s, 253 queries (+253 other) 
2026-04-03 13:17:44,491 174186 INFO eniemela_19 odoo.modules.loading: Loading module base_import_module (15/29) 
2026-04-03 13:17:44,498 174186 INFO eniemela_19 odoo.registry: module base_import_module: creating or updating database tables 
2026-04-03 13:17:44,546 174186 INFO eniemela_19 odoo.modules.loading: loading base_import_module/security/ir.model.access.csv 
2026-04-03 13:17:44,550 174186 INFO eniemela_19 odoo.modules.loading: loading base_import_module/views/base_import_module_view.xml 
2026-04-03 13:17:44,562 174186 INFO eniemela_19 odoo.modules.loading: loading base_import_module/views/ir_module_views.xml 
2026-04-03 13:17:44,599 174186 INFO eniemela_19 odoo.addons.base.models.ir_module: module base_import_module: no translation for language en_GB 
2026-04-03 13:17:44,599 174186 INFO eniemela_19 odoo.addons.base.models.ir_module: module base_import_module: loading translation file /home/elmeri/Odoo/src/19/odoo/addons/base_import_module/i18n/fi.po for language fi_FI 
2026-04-03 13:17:44,624 174186 INFO eniemela_19 odoo.modules.loading: Module base_import_module loaded in 0.13s, 184 queries (+184 other) 
2026-04-03 13:17:44,624 174186 INFO eniemela_19 odoo.modules.loading: Loading module auth_passkey (16/29) 
2026-04-03 13:17:44,665 174186 INFO eniemela_19 odoo.registry: module auth_passkey: creating or updating database tables 
2026-04-03 13:17:44,727 174186 INFO eniemela_19 odoo.modules.loading: loading auth_passkey/views/auth_passkey_key_views.xml 
2026-04-03 13:17:44,749 174186 INFO eniemela_19 odoo.modules.loading: loading auth_passkey/views/auth_passkey_login_templates.xml 
2026-04-03 13:17:44,760 174186 INFO eniemela_19 odoo.modules.loading: loading auth_passkey/views/res_users_identitycheck_views.xml 
2026-04-03 13:17:44,765 174186 INFO eniemela_19 odoo.modules.loading: loading auth_passkey/views/res_users_views.xml 
2026-04-03 13:17:44,770 174186 WARNING eniemela_19 odoo.addons.openupgrade_framework.odoo_patch.odoo.addons.base.models.ir_ui_view: Can't render custom view base.user_groups_view for model res.users. Assuming you are migrating between major versions of Odoo. Please review the view contents manually after the migration.
Error: Element '<field name="groups_id">' cannot be located in parent view 
2026-04-03 13:17:44,776 174186 INFO eniemela_19 odoo.modules.loading: loading auth_passkey/security/ir.model.access.csv 
2026-04-03 13:17:44,783 174186 INFO eniemela_19 odoo.modules.loading: loading auth_passkey/security/security.xml 
2026-04-03 13:17:44,804 174186 INFO eniemela_19 odoo.addons.base.models.ir_module: module auth_passkey: no translation for language en_GB 
2026-04-03 13:17:44,804 174186 INFO eniemela_19 odoo.addons.base.models.ir_module: module auth_passkey: loading translation file /home/elmeri/Odoo/src/19/odoo/addons/auth_passkey/i18n/fi.po for language fi_FI 
2026-04-03 13:17:44,827 174186 INFO eniemela_19 odoo.modules.loading: Module auth_passkey loaded in 0.20s, 235 queries (+235 other) 
2026-04-03 13:17:44,827 174186 INFO eniemela_19 odoo.modules.loading: Loading module iap (17/29) 
2026-04-03 13:17:44,833 174186 INFO eniemela_19 odoo.registry: module iap: creating or updating database tables 
2026-04-03 13:17:44,870 174186 INFO eniemela_19 odoo.modules.loading: loading iap/data/services.xml 
2026-04-03 13:17:44,872 174186 INFO eniemela_19 odoo.modules.loading: loading iap/security/ir.model.access.csv 
2026-04-03 13:17:44,876 174186 INFO eniemela_19 odoo.modules.loading: loading iap/security/ir_rule.xml 
2026-04-03 13:17:44,879 174186 INFO eniemela_19 odoo.modules.loading: loading iap/views/iap_views.xml 
2026-04-03 13:17:44,891 174186 INFO eniemela_19 odoo.modules.loading: loading iap/views/res_config_settings.xml 
2026-04-03 13:17:44,907 174186 INFO eniemela_19 odoo.addons.base.models.ir_module: module iap: no translation for language en_GB 
2026-04-03 13:17:44,907 174186 INFO eniemela_19 odoo.addons.base.models.ir_module: module iap: loading translation file /home/elmeri/Odoo/src/19/odoo/addons/iap/i18n/fi.po for language fi_FI 
2026-04-03 13:17:44,938 174186 INFO eniemela_19 odoo.modules.loading: Module iap loaded in 0.11s, 199 queries (+199 other) 
2026-04-03 13:17:44,938 174186 INFO eniemela_19 odoo.modules.loading: Loading module auth_signup (18/29) 
2026-04-03 13:17:44,953 174186 INFO eniemela_19 odoo.registry: module auth_signup: creating or updating database tables 
2026-04-03 13:17:44,998 174186 INFO eniemela_19 odoo.modules.loading: loading auth_signup/data/ir_config_parameter_data.xml 
2026-04-03 13:17:45,000 174186 INFO eniemela_19 odoo.modules.loading: loading auth_signup/data/ir_cron_data.xml 
2026-04-03 13:17:45,014 174186 INFO eniemela_19 odoo.modules.loading: loading auth_signup/data/mail_template_data.xml 
2026-04-03 13:17:45,064 174186 INFO eniemela_19 odoo.modules.loading: loading auth_signup/views/res_config_settings_views.xml 
2026-04-03 13:17:45,072 174186 INFO eniemela_19 odoo.modules.loading: loading auth_signup/views/res_users_views.xml 
2026-04-03 13:17:45,076 174186 WARNING eniemela_19 odoo.addons.openupgrade_framework.odoo_patch.odoo.addons.base.models.ir_ui_view: Can't render custom view base.user_groups_view for model res.users. Assuming you are migrating between major versions of Odoo. Please review the view contents manually after the migration.
Error: Element '<field name="groups_id">' cannot be located in parent view 
2026-04-03 13:17:45,086 174186 INFO eniemela_19 odoo.modules.loading: loading auth_signup/views/auth_signup_login_templates.xml 
2026-04-03 13:17:45,095 174186 INFO eniemela_19 odoo.modules.loading: loading auth_signup/views/auth_signup_templates_email.xml 
2026-04-03 13:17:45,098 174186 INFO eniemela_19 odoo.modules.loading: loading auth_signup/views/webclient_templates.xml 
2026-04-03 13:17:45,101 174186 INFO eniemela_19 odoo.modules.migration: module auth_signup: Running migration [19.0.1.0>] post-migration 
2026-04-03 13:17:45,110 174186 INFO eniemela_19 odoo.addons.base.models.ir_module: module auth_signup: no translation for language en_GB 
2026-04-03 13:17:45,110 174186 INFO eniemela_19 odoo.addons.base.models.ir_module: module auth_signup: loading translation file /home/elmeri/Odoo/src/19/odoo/addons/auth_signup/i18n/fi.po for language fi_FI 
2026-04-03 13:17:45,143 174186 INFO eniemela_19 odoo.modules.loading: Module auth_signup loaded in 0.20s, 269 queries (+269 other) 
2026-04-03 13:17:45,143 174186 INFO eniemela_19 odoo.modules.loading: Loading module auth_totp_mail (19/29) 
2026-04-03 13:17:45,156 174186 INFO eniemela_19 odoo.registry: module auth_totp_mail: creating or updating database tables 
2026-04-03 13:17:45,185 174186 INFO eniemela_19 odoo.modules.loading: loading auth_totp_mail/data/ir_action_data.xml 
2026-04-03 13:17:45,198 174186 INFO eniemela_19 odoo.modules.loading: loading auth_totp_mail/data/mail_template_data.xml 
2026-04-03 13:17:45,223 174186 INFO eniemela_19 odoo.modules.loading: loading auth_totp_mail/data/security_notifications_template.xml 
2026-04-03 13:17:45,227 174186 INFO eniemela_19 odoo.modules.loading: loading auth_totp_mail/views/res_config_settings_views.xml 
2026-04-03 13:17:45,236 174186 INFO eniemela_19 odoo.modules.loading: loading auth_totp_mail/views/res_users_views.xml 
2026-04-03 13:17:45,240 174186 WARNING eniemela_19 odoo.addons.openupgrade_framework.odoo_patch.odoo.addons.base.models.ir_ui_view: Can't render custom view base.user_groups_view for model res.users. Assuming you are migrating between major versions of Odoo. Please review the view contents manually after the migration.
Error: Element '<field name="groups_id">' cannot be located in parent view 
2026-04-03 13:17:45,247 174186 INFO eniemela_19 odoo.modules.loading: loading auth_totp_mail/views/templates.xml 
2026-04-03 13:17:45,252 174186 INFO eniemela_19 odoo.addons.base.models.ir_module: module auth_totp_mail: no translation for language en_GB 
2026-04-03 13:17:45,252 174186 INFO eniemela_19 odoo.addons.base.models.ir_module: module auth_totp_mail: loading translation file /home/elmeri/Odoo/src/19/odoo/addons/auth_totp_mail/i18n/fi.po for language fi_FI 
2026-04-03 13:17:45,271 174186 INFO eniemela_19 odoo.modules.loading: Module auth_totp_mail loaded in 0.13s, 206 queries (+206 other) 
2026-04-03 13:17:45,271 174186 INFO eniemela_19 odoo.modules.loading: Loading module base_install_request (20/29) 
2026-04-03 13:17:45,276 174186 INFO eniemela_19 odoo.registry: module base_install_request: creating or updating database tables 
2026-04-03 13:17:45,322 174186 INFO eniemela_19 odoo.modules.loading: loading base_install_request/security/ir.model.access.csv 
2026-04-03 13:17:45,327 174186 INFO eniemela_19 odoo.modules.loading: loading base_install_request/wizard/base_module_install_request_views.xml 
2026-04-03 13:17:45,344 174186 INFO eniemela_19 odoo.modules.loading: loading base_install_request/data/mail_template_data.xml 
2026-04-03 13:17:45,349 174186 INFO eniemela_19 odoo.modules.loading: loading base_install_request/data/mail_templates_module_install.xml 
2026-04-03 13:17:45,352 174186 INFO eniemela_19 odoo.modules.loading: loading base_install_request/views/ir_module_module_views.xml 
2026-04-03 13:17:45,361 174186 INFO eniemela_19 odoo.addons.base.models.ir_module: module base_install_request: no translation for language en_GB 
2026-04-03 13:17:45,362 174186 INFO eniemela_19 odoo.addons.base.models.ir_module: module base_install_request: loading translation file /home/elmeri/Odoo/src/19/odoo/addons/base_install_request/i18n/fi.po for language fi_FI 
2026-04-03 13:17:45,370 174186 INFO eniemela_19 odoo.modules.loading: Module base_install_request loaded in 0.10s, 165 queries (+165 other) 
2026-04-03 13:17:45,370 174186 INFO eniemela_19 odoo.modules.loading: Loading module google_gmail (21/29) 
2026-04-03 13:17:45,381 174186 INFO eniemela_19 odoo.registry: module google_gmail: creating or updating database tables 
2026-04-03 13:17:45,411 174186 INFO eniemela_19 odoo.modules.loading: loading google_gmail/views/fetchmail_server_views.xml 
2026-04-03 13:17:45,430 174186 INFO eniemela_19 odoo.modules.loading: loading google_gmail/views/ir_mail_server_views.xml 
2026-04-03 13:17:45,440 174186 INFO eniemela_19 odoo.modules.loading: loading google_gmail/views/res_config_settings_views.xml 
2026-04-03 13:17:45,455 174186 INFO eniemela_19 odoo.modules.loading: loading google_gmail/views/templates.xml 
2026-04-03 13:17:45,459 174186 INFO eniemela_19 odoo.addons.base.models.ir_module: module google_gmail: no translation for language en_GB 
2026-04-03 13:17:45,459 174186 INFO eniemela_19 odoo.addons.base.models.ir_module: module google_gmail: loading translation file /home/elmeri/Odoo/src/19/odoo/addons/google_gmail/i18n/fi.po for language fi_FI 
2026-04-03 13:17:45,467 174186 INFO eniemela_19 odoo.modules.loading: Module google_gmail loaded in 0.10s, 164 queries (+164 other) 
2026-04-03 13:17:45,467 174186 INFO eniemela_19 odoo.modules.loading: Loading module iap_mail (22/29) 
2026-04-03 13:17:45,472 174186 INFO eniemela_19 odoo.registry: module iap_mail: creating or updating database tables 
2026-04-03 13:17:45,490 174186 INFO eniemela_19 odoo.modules.loading: loading iap_mail/data/mail_templates.xml 
2026-04-03 13:17:45,498 174186 INFO eniemela_19 odoo.modules.loading: loading iap_mail/views/iap_views.xml 
2026-04-03 13:17:45,506 174186 INFO eniemela_19 odoo.addons.base.models.ir_module: module iap_mail: no translation for language en_GB 
2026-04-03 13:17:45,506 174186 INFO eniemela_19 odoo.addons.base.models.ir_module: module iap_mail: loading translation file /home/elmeri/Odoo/src/19/odoo/addons/iap_mail/i18n/fi.po for language fi_FI 
2026-04-03 13:17:45,516 174186 INFO eniemela_19 odoo.modules.loading: Module iap_mail loaded in 0.05s, 78 queries (+78 other) 
2026-04-03 13:17:45,516 174186 INFO eniemela_19 odoo.modules.loading: Loading module mail_bot (23/29) 
2026-04-03 13:17:45,525 174186 INFO eniemela_19 odoo.registry: module mail_bot: creating or updating database tables 
2026-04-03 13:17:45,561 174186 INFO eniemela_19 odoo.modules.loading: loading mail_bot/views/res_users_views.xml 
2026-04-03 13:17:45,567 174186 WARNING eniemela_19 odoo.addons.openupgrade_framework.odoo_patch.odoo.addons.base.models.ir_ui_view: Can't render custom view base.user_groups_view for model res.users. Assuming you are migrating between major versions of Odoo. Please review the view contents manually after the migration.
Error: Element '<field name="groups_id">' cannot be located in parent view 
2026-04-03 13:17:45,573 174186 INFO eniemela_19 odoo.modules.loading: loading mail_bot/data/mailbot_data.xml 
2026-04-03 13:17:45,576 174186 INFO eniemela_19 odoo.addons.base.models.ir_module: module mail_bot: no translation for language en_GB 
2026-04-03 13:17:45,576 174186 INFO eniemela_19 odoo.addons.base.models.ir_module: module mail_bot: loading translation file /home/elmeri/Odoo/src/19/odoo/addons/mail_bot/i18n/fi.po for language fi_FI 
2026-04-03 13:17:45,583 174186 INFO eniemela_19 odoo.modules.loading: Module mail_bot loaded in 0.07s, 117 queries (+117 other) 
2026-04-03 13:17:45,583 174186 INFO eniemela_19 odoo.modules.loading: Loading module microsoft_outlook (24/29) 
2026-04-03 13:17:45,593 174186 INFO eniemela_19 odoo.registry: module microsoft_outlook: creating or updating database tables 
2026-04-03 13:17:45,622 174186 INFO eniemela_19 odoo.modules.loading: loading microsoft_outlook/views/fetchmail_server_views.xml 
2026-04-03 13:17:45,635 174186 INFO eniemela_19 odoo.modules.loading: loading microsoft_outlook/views/ir_mail_server_views.xml 
2026-04-03 13:17:45,640 174186 INFO eniemela_19 odoo.modules.loading: loading microsoft_outlook/views/res_config_settings_views.xml 
2026-04-03 13:17:45,649 174186 INFO eniemela_19 odoo.modules.loading: loading microsoft_outlook/views/templates.xml 
2026-04-03 13:17:45,653 174186 INFO eniemela_19 odoo.addons.base.models.ir_module: module microsoft_outlook: no translation for language en_GB 
2026-04-03 13:17:45,653 174186 INFO eniemela_19 odoo.addons.base.models.ir_module: module microsoft_outlook: loading translation file /home/elmeri/Odoo/src/19/odoo/addons/microsoft_outlook/i18n/fi.po for language fi_FI 
2026-04-03 13:17:45,662 174186 INFO eniemela_19 odoo.modules.loading: Module microsoft_outlook loaded in 0.08s, 167 queries (+167 other) 
2026-04-03 13:17:45,662 174186 INFO eniemela_19 odoo.modules.loading: Loading module phone_validation (25/29) 
2026-04-03 13:17:45,723 174186 INFO eniemela_19 odoo.registry: module phone_validation: creating or updating database tables 
2026-04-03 13:17:46,126 174186 INFO eniemela_19 odoo.schema: Keep unexpected index ir_model_constraint__type_index on table ir_model_constraint 
2026-04-03 13:17:46,126 174186 INFO eniemela_19 odoo.schema: Keep unexpected index ir_rule__name_index on table ir_rule 
2026-04-03 13:17:46,143 174186 INFO eniemela_19 odoo.modules.loading: loading phone_validation/security/ir.model.access.csv 
2026-04-03 13:17:46,147 174186 INFO eniemela_19 odoo.modules.loading: loading phone_validation/views/phone_blacklist_views.xml 
2026-04-03 13:17:46,170 174186 INFO eniemela_19 odoo.modules.loading: loading phone_validation/views/res_partner_views.xml 
2026-04-03 13:17:46,176 174186 INFO eniemela_19 odoo.modules.loading: loading phone_validation/wizard/phone_blacklist_remove_view.xml 
2026-04-03 13:17:46,181 174186 INFO eniemela_19 odoo.addons.base.models.ir_module: module phone_validation: no translation for language en_GB 
2026-04-03 13:17:46,181 174186 INFO eniemela_19 odoo.addons.base.models.ir_module: module phone_validation: loading translation file /home/elmeri/Odoo/src/19/odoo/addons/phone_validation/i18n/fi.po for language fi_FI 
2026-04-03 13:17:46,202 174186 INFO eniemela_19 odoo.modules.loading: Module phone_validation loaded in 0.54s, 1649 queries (+1649 other) 
2026-04-03 13:17:46,202 174186 INFO eniemela_19 odoo.modules.loading: Loading module privacy_lookup (26/29) 
2026-04-03 13:17:46,214 174186 INFO eniemela_19 odoo.registry: module privacy_lookup: creating or updating database tables 
2026-04-03 13:17:46,274 174186 INFO eniemela_19 odoo.modules.loading: loading privacy_lookup/wizard/privacy_lookup_wizard_views.xml 
2026-04-03 13:17:46,310 174186 INFO eniemela_19 odoo.modules.loading: loading privacy_lookup/views/privacy_log_views.xml 
2026-04-03 13:17:46,319 174186 INFO eniemela_19 odoo.modules.loading: loading privacy_lookup/security/ir.model.access.csv 
2026-04-03 13:17:46,329 174186 INFO eniemela_19 odoo.modules.loading: loading privacy_lookup/data/ir_actions_server_data.xml 
2026-04-03 13:17:46,346 174186 INFO eniemela_19 odoo.addons.base.models.ir_module: module privacy_lookup: no translation for language en_GB 
2026-04-03 13:17:46,346 174186 INFO eniemela_19 odoo.addons.base.models.ir_module: module privacy_lookup: loading translation file /home/elmeri/Odoo/src/19/odoo/addons/privacy_lookup/i18n/fi.po for language fi_FI 
2026-04-03 13:17:46,390 174186 INFO eniemela_19 odoo.modules.loading: Module privacy_lookup loaded in 0.19s, 305 queries (+305 other) 
2026-04-03 13:17:46,390 174186 INFO eniemela_19 odoo.modules.loading: Loading module partner_autocomplete (27/29) 
2026-04-03 13:17:46,413 174186 INFO eniemela_19 odoo.registry: module partner_autocomplete: creating or updating database tables 
2026-04-03 13:17:46,490 174186 INFO eniemela_19 odoo.modules.loading: loading partner_autocomplete/views/res_company_views.xml 
2026-04-03 13:17:46,499 174186 INFO eniemela_19 odoo.modules.loading: loading partner_autocomplete/views/res_config_settings_views.xml 
2026-04-03 13:17:46,506 174186 INFO eniemela_19 odoo.modules.loading: loading partner_autocomplete/data/iap_service_data.xml 
2026-04-03 13:17:46,510 174186 INFO eniemela_19 odoo.addons.base.models.ir_module: module partner_autocomplete: no translation for language en_GB 
2026-04-03 13:17:46,510 174186 INFO eniemela_19 odoo.addons.base.models.ir_module: module partner_autocomplete: loading translation file /home/elmeri/Odoo/src/19/odoo/addons/partner_autocomplete/i18n/fi.po for language fi_FI 
2026-04-03 13:17:46,517 174186 INFO eniemela_19 odoo.modules.loading: Module partner_autocomplete loaded in 0.13s, 149 queries (+149 other) 
2026-04-03 13:17:46,517 174186 INFO eniemela_19 odoo.modules.loading: Loading module sms (28/29) 
2026-04-03 13:17:46,588 174186 INFO eniemela_19 odoo.registry: module sms: creating or updating database tables 
2026-04-03 13:17:46,598 174186 INFO eniemela_19 odoo.models: Prepare computation of ir.actions.server.sms_template_id 
2026-04-03 13:17:46,598 174186 INFO eniemela_19 odoo.models: Prepare computation of ir.actions.server.sms_method 
2026-04-03 13:17:47,064 174186 INFO eniemela_19 odoo.schema: Keep unexpected index ir_model_constraint__type_index on table ir_model_constraint 
2026-04-03 13:17:47,064 174186 INFO eniemela_19 odoo.schema: Keep unexpected index ir_rule__name_index on table ir_rule 
2026-04-03 13:17:47,118 174186 INFO eniemela_19 odoo.modules.loading: loading sms/data/iap_service_data.xml 
2026-04-03 13:17:47,120 174186 INFO eniemela_19 odoo.modules.loading: loading sms/data/ir_cron_data.xml 
2026-04-03 13:17:47,134 174186 INFO eniemela_19 odoo.modules.loading: loading sms/wizard/sms_account_code_views.xml 
2026-04-03 13:17:47,141 174186 INFO eniemela_19 odoo.modules.loading: loading sms/wizard/sms_account_phone_views.xml 
2026-04-03 13:17:47,143 174186 INFO eniemela_19 odoo.modules.loading: loading sms/wizard/sms_account_sender_views.xml 
2026-04-03 13:17:47,147 174186 INFO eniemela_19 odoo.modules.loading: loading sms/wizard/sms_composer_views.xml 
2026-04-03 13:17:47,155 174186 INFO eniemela_19 odoo.modules.loading: loading sms/wizard/sms_template_preview_views.xml 
2026-04-03 13:17:47,162 174186 INFO eniemela_19 odoo.modules.loading: loading sms/wizard/sms_template_reset_views.xml 
2026-04-03 13:17:47,168 174186 INFO eniemela_19 odoo.modules.loading: loading sms/views/ir_actions_server_views.xml 
2026-04-03 13:17:47,176 174186 INFO eniemela_19 odoo.modules.loading: loading sms/views/mail_notification_views.xml 
2026-04-03 13:17:47,189 174186 INFO eniemela_19 odoo.modules.loading: loading sms/views/res_config_settings_views.xml 
2026-04-03 13:17:47,198 174186 INFO eniemela_19 odoo.modules.loading: loading sms/views/res_partner_views.xml 
2026-04-03 13:17:47,210 174186 INFO eniemela_19 odoo.modules.loading: loading sms/views/iap_account_views.xml 
2026-04-03 13:17:47,217 174186 INFO eniemela_19 odoo.modules.loading: loading sms/views/sms_sms_views.xml 
2026-04-03 13:17:47,238 174186 INFO eniemela_19 odoo.modules.loading: loading sms/views/sms_template_views.xml 
2026-04-03 13:17:47,248 174186 INFO eniemela_19 odoo.modules.loading: loading sms/security/ir.model.access.csv 
2026-04-03 13:17:47,270 174186 INFO eniemela_19 odoo.modules.loading: loading sms/security/sms_security.xml 
2026-04-03 13:17:47,280 174186 INFO eniemela_19 odoo.addons.base.models.ir_module: module sms: no translation for language en_GB 
2026-04-03 13:17:47,280 174186 INFO eniemela_19 odoo.addons.base.models.ir_module: module sms: loading translation file /home/elmeri/Odoo/src/19/odoo/addons/sms/i18n/fi.po for language fi_FI 
2026-04-03 13:17:47,315 174186 INFO eniemela_19 odoo.modules.loading: Module sms loaded in 0.80s, 2066 queries (+2066 other) 
2026-04-03 13:17:47,315 174186 INFO eniemela_19 odoo.modules.loading: Loading module snailmail (29/29) 
2026-04-03 13:17:47,399 174186 INFO eniemela_19 odoo.registry: module snailmail: creating or updating database tables 
2026-04-03 13:17:47,522 174186 INFO eniemela_19 odoo.modules.loading: loading snailmail/data/iap_service_data.xml 
2026-04-03 13:17:47,524 174186 INFO eniemela_19 odoo.modules.loading: loading snailmail/data/snailmail_data.xml 
2026-04-03 13:17:47,538 174186 INFO eniemela_19 odoo.modules.loading: loading snailmail/views/report_assets.xml 
2026-04-03 13:17:47,544 174186 INFO eniemela_19 odoo.modules.loading: loading snailmail/views/snailmail_views.xml 
2026-04-03 13:17:47,562 174186 INFO eniemela_19 odoo.modules.loading: loading snailmail/security/ir.model.access.csv 
2026-04-03 13:17:47,575 174186 INFO eniemela_19 odoo.addons.base.models.ir_module: module snailmail: no translation for language en_GB 
2026-04-03 13:17:47,575 174186 INFO eniemela_19 odoo.addons.base.models.ir_module: module snailmail: loading translation file /home/elmeri/Odoo/src/19/odoo/addons/snailmail/i18n/fi.po for language fi_FI 
2026-04-03 13:17:47,597 174186 INFO eniemela_19 odoo.modules.loading: Module snailmail loaded in 0.28s, 427 queries (+427 other) 
2026-04-03 13:17:47,597 174186 INFO eniemela_19 odoo.modules.loading: 29 modules loaded in 7.22s, 15509 queries (+15509 extra) 
2026-04-03 13:17:47,598 174186 WARNING eniemela_19 odoo.modules.module_graph: module cloud_manager: not installable, skipped 
2026-04-03 13:17:47,598 174186 WARNING eniemela_19 odoo.modules.module_graph: module chart_widget: not installable, skipped 
2026-04-03 13:17:47,598 174186 WARNING eniemela_19 odoo.modules.module_graph: module investment_portfolio: not installable, skipped 
2026-04-03 13:17:47,599 174186 WARNING eniemela_19 odoo.modules.module_graph: module xml_export: not installable, skipped 
2026-04-03 13:17:47,599 174186 WARNING eniemela_19 odoo.modules.module_graph: module diff_widget: not installable, skipped 
2026-04-03 13:17:47,599 174186 WARNING eniemela_19 odoo.modules.module_graph: module timeago_widget: not installable, skipped 
2026-04-03 13:17:47,599 174186 WARNING eniemela_19 odoo.modules.module_graph: module api_endpoint: not installable, skipped 
2026-04-03 13:17:47,599 174186 WARNING eniemela_19 odoo.modules.module_graph: module bitcoin_treasury: not installable, skipped 
2026-04-03 13:17:47,599 174186 WARNING eniemela_19 odoo.modules.module_graph: module bitcoin_browser: not installable, skipped 
2026-04-03 13:17:47,599 174186 WARNING eniemela_19 odoo.modules.module_graph: module cashflow_management: not installable, skipped 
2026-04-03 13:17:47,599 174186 WARNING eniemela_19 odoo.modules.module_graph: module version_control: not installable, skipped 
2026-04-03 13:17:47,599 174186 WARNING eniemela_19 odoo.modules.module_graph: module document_directory: not installable, skipped 
2026-04-03 13:17:47,599 174186 WARNING eniemela_19 odoo.modules.module_graph: module flight_log: not installable, skipped 
2026-04-03 13:17:47,599 174186 WARNING eniemela_19 odoo.modules.module_graph: module toggl_sync: not installable, skipped 
2026-04-03 13:17:47,599 174186 WARNING eniemela_19 odoo.modules.module_graph: module note: not installable, skipped 
2026-04-03 13:17:47,599 174186 WARNING eniemela_19 odoo.modules.module_graph: module bitcoin_investment: not installable, skipped 
2026-04-03 13:17:47,599 174186 WARNING eniemela_19 odoo.modules.module_graph: module multi_uninstall: not installable, skipped 
2026-04-03 13:17:47,602 174186 INFO eniemela_19 odoo.modules.loading: loading 29 modules... 
2026-04-03 13:17:47,602 174186 INFO eniemela_19 odoo.modules.loading: 29 modules loaded in 0.00s, 0 queries (+0 extra) 
2026-04-03 13:17:47,649 174186 ERROR eniemela_19 odoo.modules.loading: Some modules have inconsistent states, some dependencies may be missing: ['api_endpoint', 'bitcoin_browser', 'bitcoin_investment', 'bitcoin_treasury', 'cashflow_management', 'chart_widget', 'cloud_manager', 'diff_widget', 'document_directory', 'flight_log', 'investment_portfolio', 'multi_uninstall', 'note', 'timeago_widget', 'toggl_sync', 'version_control', 'xml_export'] 
2026-04-03 13:17:47,650 174186 INFO eniemela_19 odoo.modules.loading: Model api.endpoint is declared but cannot be loaded! (Perhaps a module was partially removed or renamed) 
2026-04-03 13:17:47,650 174186 INFO eniemela_19 odoo.modules.loading: Model api.message is declared but cannot be loaded! (Perhaps a module was partially removed or renamed) 
2026-04-03 13:17:47,650 174186 INFO eniemela_19 odoo.modules.loading: Model aquire.lock.mixin is declared but cannot be loaded! (Perhaps a module was partially removed or renamed) 
2026-04-03 13:17:47,654 174186 INFO eniemela_19 odoo.modules.loading: Model bitcoin.block is declared but cannot be loaded! (Perhaps a module was partially removed or renamed) 
2026-04-03 13:17:47,654 174186 INFO eniemela_19 odoo.modules.loading: Model bitcoin.key is declared but cannot be loaded! (Perhaps a module was partially removed or renamed) 
2026-04-03 13:17:47,654 174186 INFO eniemela_19 odoo.modules.loading: Model bitcoin.tx is declared but cannot be loaded! (Perhaps a module was partially removed or renamed) 
2026-04-03 13:17:47,654 174186 INFO eniemela_19 odoo.modules.loading: Model bitcoin.tx.in is declared but cannot be loaded! (Perhaps a module was partially removed or renamed) 
2026-04-03 13:17:47,654 174186 INFO eniemela_19 odoo.modules.loading: Model bitcoin.tx.out is declared but cannot be loaded! (Perhaps a module was partially removed or renamed) 
2026-04-03 13:17:47,654 174186 INFO eniemela_19 odoo.modules.loading: Model bitcoin.wallet is declared but cannot be loaded! (Perhaps a module was partially removed or renamed) 
2026-04-03 13:17:47,654 174186 INFO eniemela_19 odoo.modules.loading: Model bitcoin.wallet.address is declared but cannot be loaded! (Perhaps a module was partially removed or renamed) 
2026-04-03 13:17:47,654 174186 INFO eniemela_19 odoo.modules.loading: Model bitcoin.wallet.history is declared but cannot be loaded! (Perhaps a module was partially removed or renamed) 
2026-04-03 13:17:47,654 174186 INFO eniemela_19 odoo.modules.loading: Model bitcoin.wallet.key is declared but cannot be loaded! (Perhaps a module was partially removed or renamed) 
2026-04-03 13:17:47,655 174186 INFO eniemela_19 odoo.modules.loading: Model bus.presence is declared but cannot be loaded! (Perhaps a module was partially removed or renamed) 
2026-04-03 13:17:47,655 174186 INFO eniemela_19 odoo.modules.loading: Model cashflow.account is declared but cannot be loaded! (Perhaps a module was partially removed or renamed) 
2026-04-03 13:17:47,655 174186 INFO eniemela_19 odoo.modules.loading: Model cashflow.category is declared but cannot be loaded! (Perhaps a module was partially removed or renamed) 
2026-04-03 13:17:47,655 174186 INFO eniemela_19 odoo.modules.loading: Model cashflow.entry is declared but cannot be loaded! (Perhaps a module was partially removed or renamed) 
2026-04-03 13:17:47,655 174186 INFO eniemela_19 odoo.modules.loading: Model cashflow.import is declared but cannot be loaded! (Perhaps a module was partially removed or renamed) 
2026-04-03 13:17:47,656 174186 INFO eniemela_19 odoo.modules.loading: Model cashflow.parser is declared but cannot be loaded! (Perhaps a module was partially removed or renamed) 
2026-04-03 13:17:47,656 174186 INFO eniemela_19 odoo.modules.loading: Model cashflow.plan is declared but cannot be loaded! (Perhaps a module was partially removed or renamed) 
2026-04-03 13:17:47,656 174186 INFO eniemela_19 odoo.modules.loading: Model cashflow.plan.line is declared but cannot be loaded! (Perhaps a module was partially removed or renamed) 
2026-04-03 13:17:47,657 174186 INFO eniemela_19 odoo.modules.loading: Model cloud.backup is declared but cannot be loaded! (Perhaps a module was partially removed or renamed) 
2026-04-03 13:17:47,657 174186 INFO eniemela_19 odoo.modules.loading: Model cloud.instance is declared but cannot be loaded! (Perhaps a module was partially removed or renamed) 
2026-04-03 13:17:47,657 174186 INFO eniemela_19 odoo.modules.loading: Model cloud.module is declared but cannot be loaded! (Perhaps a module was partially removed or renamed) 
2026-04-03 13:17:47,657 174186 INFO eniemela_19 odoo.modules.loading: Model cloud.restore is declared but cannot be loaded! (Perhaps a module was partially removed or renamed) 
2026-04-03 13:17:47,657 174186 INFO eniemela_19 odoo.modules.loading: Model cloud.server is declared but cannot be loaded! (Perhaps a module was partially removed or renamed) 
2026-04-03 13:17:47,657 174186 INFO eniemela_19 odoo.modules.loading: Model cloud.server.diff is declared but cannot be loaded! (Perhaps a module was partially removed or renamed) 
2026-04-03 13:17:47,657 174186 INFO eniemela_19 odoo.modules.loading: Model cloud.server.module is declared but cannot be loaded! (Perhaps a module was partially removed or renamed) 
2026-04-03 13:17:47,659 174186 INFO eniemela_19 odoo.modules.loading: Model dns.zone is declared but cannot be loaded! (Perhaps a module was partially removed or renamed) 
2026-04-03 13:17:47,659 174186 INFO eniemela_19 odoo.modules.loading: Model dns.zone.record is declared but cannot be loaded! (Perhaps a module was partially removed or renamed) 
2026-04-03 13:17:47,659 174186 INFO eniemela_19 odoo.modules.loading: Model document.directory is declared but cannot be loaded! (Perhaps a module was partially removed or renamed) 
2026-04-03 13:17:47,660 174186 INFO eniemela_19 odoo.modules.loading: Model flight.airport is declared but cannot be loaded! (Perhaps a module was partially removed or renamed) 
2026-04-03 13:17:47,660 174186 INFO eniemela_19 odoo.modules.loading: Model flight.log is declared but cannot be loaded! (Perhaps a module was partially removed or renamed) 
2026-04-03 13:17:47,660 174186 INFO eniemela_19 odoo.modules.loading: Model flight.plane is declared but cannot be loaded! (Perhaps a module was partially removed or renamed) 
2026-04-03 13:17:47,660 174186 INFO eniemela_19 odoo.modules.loading: Model flight.purpose is declared but cannot be loaded! (Perhaps a module was partially removed or renamed) 
2026-04-03 13:17:47,661 174186 INFO eniemela_19 odoo.modules.loading: Model investment.asset is declared but cannot be loaded! (Perhaps a module was partially removed or renamed) 
2026-04-03 13:17:47,661 174186 INFO eniemela_19 odoo.modules.loading: Model investment.asset.price is declared but cannot be loaded! (Perhaps a module was partially removed or renamed) 
2026-04-03 13:17:47,661 174186 INFO eniemela_19 odoo.modules.loading: Model investment.asset.realized is declared but cannot be loaded! (Perhaps a module was partially removed or renamed) 
2026-04-03 13:17:47,661 174186 INFO eniemela_19 odoo.modules.loading: Model investment.asset.split is declared but cannot be loaded! (Perhaps a module was partially removed or renamed) 
2026-04-03 13:17:47,661 174186 INFO eniemela_19 odoo.modules.loading: Model investment.category is declared but cannot be loaded! (Perhaps a module was partially removed or renamed) 
2026-04-03 13:17:47,661 174186 INFO eniemela_19 odoo.modules.loading: Model investment.exchange is declared but cannot be loaded! (Perhaps a module was partially removed or renamed) 
2026-04-03 13:17:47,661 174186 INFO eniemela_19 odoo.modules.loading: Model investment.exchange.gap is declared but cannot be loaded! (Perhaps a module was partially removed or renamed) 
2026-04-03 13:17:47,661 174186 INFO eniemela_19 odoo.modules.loading: Model investment.milestone is declared but cannot be loaded! (Perhaps a module was partially removed or renamed) 
2026-04-03 13:17:47,661 174186 INFO eniemela_19 odoo.modules.loading: Model investment.period is declared but cannot be loaded! (Perhaps a module was partially removed or renamed) 
2026-04-03 13:17:47,661 174186 INFO eniemela_19 odoo.modules.loading: Model investment.period.position is declared but cannot be loaded! (Perhaps a module was partially removed or renamed) 
2026-04-03 13:17:47,661 174186 INFO eniemela_19 odoo.modules.loading: Model investment.portfolio is declared but cannot be loaded! (Perhaps a module was partially removed or renamed) 
2026-04-03 13:17:47,661 174186 INFO eniemela_19 odoo.modules.loading: Model investment.position is declared but cannot be loaded! (Perhaps a module was partially removed or renamed) 
2026-04-03 13:17:47,661 174186 INFO eniemela_19 odoo.modules.loading: Model investment.position.move is declared but cannot be loaded! (Perhaps a module was partially removed or renamed) 
2026-04-03 13:17:47,661 174186 INFO eniemela_19 odoo.modules.loading: Model investment.position.note is declared but cannot be loaded! (Perhaps a module was partially removed or renamed) 
2026-04-03 13:17:47,662 174186 INFO eniemela_19 odoo.modules.loading: Model investment.position.tag is declared but cannot be loaded! (Perhaps a module was partially removed or renamed) 
2026-04-03 13:17:47,662 174186 INFO eniemela_19 odoo.modules.loading: Model investment.position.transaction is declared but cannot be loaded! (Perhaps a module was partially removed or renamed) 
2026-04-03 13:17:47,662 174186 INFO eniemela_19 odoo.modules.loading: Model investment.timeseries is declared but cannot be loaded! (Perhaps a module was partially removed or renamed) 
2026-04-03 13:17:47,676 174186 INFO eniemela_19 odoo.modules.loading: Model mail.resend.message is declared but cannot be loaded! (Perhaps a module was partially removed or renamed) 
2026-04-03 13:17:47,676 174186 INFO eniemela_19 odoo.modules.loading: Model mail.resend.partner is declared but cannot be loaded! (Perhaps a module was partially removed or renamed) 
2026-04-03 13:17:47,678 174186 INFO eniemela_19 odoo.modules.loading: Model mail.wizard.invite is declared but cannot be loaded! (Perhaps a module was partially removed or renamed) 
2026-04-03 13:17:47,678 174186 INFO eniemela_19 odoo.modules.loading: Model note.note is declared but cannot be loaded! (Perhaps a module was partially removed or renamed) 
2026-04-03 13:17:47,678 174186 INFO eniemela_19 odoo.modules.loading: Model note.stage is declared but cannot be loaded! (Perhaps a module was partially removed or renamed) 
2026-04-03 13:17:47,678 174186 INFO eniemela_19 odoo.modules.loading: Model note.tag is declared but cannot be loaded! (Perhaps a module was partially removed or renamed) 
2026-04-03 13:17:47,683 174186 INFO eniemela_19 odoo.modules.loading: Model res.partner.title is declared but cannot be loaded! (Perhaps a module was partially removed or renamed) 
2026-04-03 13:17:47,689 174186 INFO eniemela_19 odoo.modules.loading: Model toggl.entry is declared but cannot be loaded! (Perhaps a module was partially removed or renamed) 
2026-04-03 13:17:47,689 174186 INFO eniemela_19 odoo.modules.loading: Model toggl.import is declared but cannot be loaded! (Perhaps a module was partially removed or renamed) 
2026-04-03 13:17:47,689 174186 INFO eniemela_19 odoo.modules.loading: Model toggl.task is declared but cannot be loaded! (Perhaps a module was partially removed or renamed) 
2026-04-03 13:17:47,689 174186 INFO eniemela_19 odoo.modules.loading: Model uom.category is declared but cannot be loaded! (Perhaps a module was partially removed or renamed) 
2026-04-03 13:17:47,690 174186 INFO eniemela_19 odoo.modules.loading: Model version.control is declared but cannot be loaded! (Perhaps a module was partially removed or renamed) 
2026-04-03 13:17:47,690 174186 INFO eniemela_19 odoo.modules.loading: Model web_editor.assets is declared but cannot be loaded! (Perhaps a module was partially removed or renamed) 
2026-04-03 13:17:47,690 174186 INFO eniemela_19 odoo.modules.loading: Model web_editor.converter.test is declared but cannot be loaded! (Perhaps a module was partially removed or renamed) 
2026-04-03 13:17:47,690 174186 INFO eniemela_19 odoo.modules.loading: Model web_editor.converter.test.sub is declared but cannot be loaded! (Perhaps a module was partially removed or renamed) 
2026-04-03 13:17:47,725 174186 INFO eniemela_19 odoo.addons.base.models.ir_model: Deleting 2376@ir.ui.view (html_editor.snippet_options_version_control) 
2026-04-03 13:17:47,739 174186 INFO eniemela_19 odoo.models.unlink: User #1 deleted ir.model.data records with IDs: [380229] 
2026-04-03 13:17:47,739 174186 INFO eniemela_19 odoo.models.unlink: User #1 deleted ir.ui.view records with IDs: [2376] 
2026-04-03 13:17:47,743 174186 INFO eniemela_19 odoo.addons.base.models.ir_model: Deleting 2231@ir.model.constraint (mail.constraint_discuss_channel_sub_channel_no_group_public_id) 
2026-04-03 13:17:47,745 174186 INFO eniemela_19 odoo.addons.base.models.ir_model: Dropped CONSTRAINT discuss_channel_sub_channel_no_group_public_id@discuss.channel 
2026-04-03 13:17:47,750 174186 INFO eniemela_19 odoo.models.unlink: User #1 deleted ir.model.data records with IDs: [378834] 
2026-04-03 13:17:47,750 174186 INFO eniemela_19 odoo.models.unlink: User #1 deleted ir.model.constraint records with IDs: [2231] 
2026-04-03 13:17:47,753 174186 INFO eniemela_19 odoo.addons.base.models.ir_model: Deleting 19653@ir.model.fields (mail.field_mail_activity_schedule__plan_summary) 
2026-04-03 13:17:47,755 174186 WARNING eniemela_19 OpenUpgrade: Module Unknown: Not dropping the column of field plan_summary of model mail.activity.schedule 
2026-04-03 13:17:47,768 174186 INFO eniemela_19 odoo.models.unlink: User #1 deleted ir.model.data records with IDs: [377958] 
2026-04-03 13:17:47,769 174186 INFO eniemela_19 odoo.models.unlink: User #1 deleted ir.model.fields records with IDs: [19653] 
2026-04-03 13:17:47,772 174186 INFO eniemela_19 odoo.addons.base.models.ir_model: Deleting 19351@ir.model.fields (mail.field_res_users_settings__mute_until_dt) 
2026-04-03 13:17:47,773 174186 WARNING eniemela_19 OpenUpgrade: Module Unknown: Not dropping the column of field mute_until_dt of model res.users.settings 
2026-04-03 13:17:47,783 174186 INFO eniemela_19 odoo.models.unlink: User #1 deleted ir.model.data records with IDs: [377949] 
2026-04-03 13:17:47,783 174186 INFO eniemela_19 odoo.models.unlink: User #1 deleted ir.model.fields records with IDs: [19351] 
2026-04-03 13:17:47,786 174186 INFO eniemela_19 odoo.addons.base.models.ir_model: Deleting 19070@ir.model.fields (mail.field_mail_link_preview__is_hidden) 
2026-04-03 13:17:47,788 174186 WARNING eniemela_19 OpenUpgrade: Module Unknown: Not dropping the column of field is_hidden of model mail.link.preview 
2026-04-03 13:17:47,795 174186 INFO eniemela_19 odoo.models.unlink: User #1 deleted ir.model.data records with IDs: [377928] 
2026-04-03 13:17:47,796 174186 INFO eniemela_19 odoo.models.unlink: User #1 deleted ir.model.fields records with IDs: [19070] 
2026-04-03 13:17:47,798 174186 INFO eniemela_19 odoo.addons.base.models.ir_model: Deleting 2363@ir.ui.view (web_tour.res_users_view_form) 
2026-04-03 13:17:47,802 174186 INFO eniemela_19 odoo.models.unlink: User #1 deleted ir.model.data records with IDs: [376886] 
2026-04-03 13:17:47,802 174186 INFO eniemela_19 odoo.models.unlink: User #1 deleted ir.ui.view records with IDs: [2363] 
2026-04-03 13:17:47,805 174186 INFO eniemela_19 odoo.addons.base.models.ir_model: Deleting 18072@ir.model.fields (base.field_res_lang__short_time_format) 
2026-04-03 13:17:47,807 174186 WARNING eniemela_19 OpenUpgrade: Module Unknown: Not dropping the column of field short_time_format of model res.lang 
2026-04-03 13:17:47,820 174186 INFO eniemela_19 odoo.models.unlink: User #1 deleted ir.model.data records with IDs: [370202] 
2026-04-03 13:17:47,820 174186 INFO eniemela_19 odoo.models.unlink: User #1 deleted ir.model.fields records with IDs: [18072] 
2026-04-03 13:17:47,824 174186 INFO eniemela_19 odoo.addons.base.models.ir_model: Deleting 2331@ir.ui.view (mail.mail_template_view_form_confirm_delete) 
2026-04-03 13:17:47,827 174186 INFO eniemela_19 odoo.models.unlink: User #1 deleted ir.model.data records with IDs: [339810] 
2026-04-03 13:17:47,827 174186 INFO eniemela_19 odoo.models.unlink: User #1 deleted ir.ui.view records with IDs: [2331] 
2026-04-03 13:17:47,830 174186 INFO eniemela_19 odoo.addons.base.models.ir_model: Deleting 2320@ir.ui.view (mail.account_security_setting_update) 
2026-04-03 13:17:47,835 174186 INFO eniemela_19 odoo.models.unlink: User #1 deleted ir.model.data records with IDs: [339703] 
2026-04-03 13:17:47,835 174186 INFO eniemela_19 odoo.models.unlink: User #1 deleted ir.ui.view records with IDs: [2320] 
2026-04-03 13:17:47,838 174186 INFO eniemela_19 odoo.addons.base.models.ir_model: Deleting 2311@ir.ui.view (mail.mail_activity_type_form_inherit) 
2026-04-03 13:17:47,842 174186 INFO eniemela_19 odoo.models.unlink: User #1 deleted ir.model.data records with IDs: [339664] 
2026-04-03 13:17:47,843 174186 INFO eniemela_19 odoo.models.unlink: User #1 deleted ir.ui.view records with IDs: [2311] 
2026-04-03 13:17:47,846 174186 INFO eniemela_19 odoo.addons.base.models.ir_model: Deleting 681@ir.actions.act_window (mail.mail_resend_partner_action) 
2026-04-03 13:17:47,852 174186 INFO eniemela_19 odoo.models.unlink: User #1 deleted ir.model.data records with IDs: [339600] 
2026-04-03 13:17:47,852 174186 INFO eniemela_19 odoo.models.unlink: User #1 deleted ir.actions.act_window records with IDs: [681] 
2026-04-03 13:17:47,855 174186 INFO eniemela_19 odoo.addons.base.models.ir_model: Deleting 2297@ir.ui.view (mail.mail_resend_partner_view_form) 
2026-04-03 13:17:47,858 174186 INFO eniemela_19 odoo.models.unlink: User #1 deleted ir.model.data records with IDs: [339599] 
2026-04-03 13:17:47,858 174186 INFO eniemela_19 odoo.models.unlink: User #1 deleted ir.ui.view records with IDs: [2297] 
2026-04-03 13:17:47,861 174186 INFO eniemela_19 odoo.addons.base.models.ir_model: Deleting 1367@ir.model.fields.selection (mail.selection__discuss_channel_member__fold_state__closed) 
2026-04-03 13:17:47,870 174186 INFO eniemela_19 odoo.models.unlink: User #1 deleted ir.model.data records with IDs: [339342] 
2026-04-03 13:17:47,870 174186 INFO eniemela_19 odoo.models.unlink: User #1 deleted ir.model.fields.selection records with IDs: [1367] 
2026-04-03 13:17:47,873 174186 INFO eniemela_19 odoo.addons.base.models.ir_model: Deleting 1366@ir.model.fields.selection (mail.selection__discuss_channel_member__fold_state__folded) 
2026-04-03 13:17:47,879 174186 INFO eniemela_19 odoo.models.unlink: User #1 deleted ir.model.data records with IDs: [339341] 
2026-04-03 13:17:47,879 174186 INFO eniemela_19 odoo.models.unlink: User #1 deleted ir.model.fields.selection records with IDs: [1366] 
2026-04-03 13:17:47,884 174186 INFO eniemela_19 odoo.addons.base.models.ir_model: Deleting 1365@ir.model.fields.selection (mail.selection__discuss_channel_member__fold_state__open) 
2026-04-03 13:17:47,894 174186 INFO eniemela_19 odoo.models.unlink: User #1 deleted ir.model.data records with IDs: [339340] 
2026-04-03 13:17:47,895 174186 INFO eniemela_19 odoo.models.unlink: User #1 deleted ir.model.fields.selection records with IDs: [1365] 
2026-04-03 13:17:47,899 174186 INFO eniemela_19 odoo.addons.base.models.ir_model: Deleting 1542@ir.model.fields.selection (mail.selection__res_config_settings__tenor_content_filter__off) 
2026-04-03 13:17:47,904 174186 INFO eniemela_19 odoo.models.unlink: User #1 deleted ir.model.data records with IDs: [339337] 
2026-04-03 13:17:47,905 174186 INFO eniemela_19 odoo.models.unlink: User #1 deleted ir.model.fields.selection records with IDs: [1542] 
2026-04-03 13:17:47,908 174186 INFO eniemela_19 odoo.addons.base.models.ir_model: Deleting 1541@ir.model.fields.selection (mail.selection__res_config_settings__tenor_content_filter__low) 
2026-04-03 13:17:47,912 174186 INFO eniemela_19 odoo.models.unlink: User #1 deleted ir.model.data records with IDs: [339336] 
2026-04-03 13:17:47,913 174186 INFO eniemela_19 odoo.models.unlink: User #1 deleted ir.model.fields.selection records with IDs: [1541] 
2026-04-03 13:17:47,917 174186 INFO eniemela_19 odoo.addons.base.models.ir_model: Deleting 1540@ir.model.fields.selection (mail.selection__res_config_settings__tenor_content_filter__medium) 
2026-04-03 13:17:47,922 174186 INFO eniemela_19 odoo.models.unlink: User #1 deleted ir.model.data records with IDs: [339335] 
2026-04-03 13:17:47,922 174186 INFO eniemela_19 odoo.models.unlink: User #1 deleted ir.model.fields.selection records with IDs: [1540] 
2026-04-03 13:17:47,925 174186 INFO eniemela_19 odoo.addons.base.models.ir_model: Deleting 1539@ir.model.fields.selection (mail.selection__res_config_settings__tenor_content_filter__high) 
2026-04-03 13:17:47,933 174186 INFO eniemela_19 odoo.models.unlink: User #1 deleted ir.model.data records with IDs: [339334] 
2026-04-03 13:17:47,933 174186 INFO eniemela_19 odoo.models.unlink: User #1 deleted ir.model.fields.selection records with IDs: [1539] 
2026-04-03 13:17:47,936 174186 INFO eniemela_19 odoo.addons.base.models.ir_model: Deleting 14407@ir.model.fields (mail.field_mail_wizard_invite__notify) 
2026-04-03 13:17:47,938 174186 WARNING eniemela_19 OpenUpgrade: Module Unknown: Not dropping the column of field notify of model mail.wizard.invite 
2026-04-03 13:17:47,950 174186 INFO eniemela_19 odoo.models.unlink: User #1 deleted ir.model.data records with IDs: [339158] 
2026-04-03 13:17:47,950 174186 INFO eniemela_19 odoo.models.unlink: User #1 deleted ir.model.fields records with IDs: [14407] 
2026-04-03 13:17:47,953 174186 INFO eniemela_19 odoo.addons.base.models.ir_model: Deleting 14368@ir.model.fields (mail.field_mail_resend_partner__partner_readonly) 
2026-04-03 13:17:47,955 174186 WARNING eniemela_19 OpenUpgrade: Module Unknown: Not dropping the column of field partner_readonly of model mail.resend.partner 
2026-04-03 13:17:47,964 174186 INFO eniemela_19 odoo.models.unlink: User #1 deleted ir.model.data records with IDs: [339157] 
2026-04-03 13:17:47,964 174186 INFO eniemela_19 odoo.models.unlink: User #1 deleted ir.model.fields records with IDs: [14368] 
2026-04-03 13:17:47,967 174186 INFO eniemela_19 odoo.addons.base.models.ir_model: Deleting 14364@ir.model.fields (mail.field_mail_resend_partner__failure_reason) 
2026-04-03 13:17:47,968 174186 WARNING eniemela_19 OpenUpgrade: Module Unknown: Not dropping the column of field failure_reason of model mail.resend.partner 
2026-04-03 13:17:47,976 174186 INFO eniemela_19 odoo.models.unlink: User #1 deleted ir.model.data records with IDs: [339156] 
2026-04-03 13:17:47,976 174186 INFO eniemela_19 odoo.models.unlink: User #1 deleted ir.model.fields records with IDs: [14364] 
2026-04-03 13:17:47,979 174186 INFO eniemela_19 odoo.addons.base.models.ir_model: Deleting 14360@ir.model.fields (mail.field_mail_resend_partner__notification_id) 
2026-04-03 13:17:47,980 174186 WARNING eniemela_19 OpenUpgrade: Module Unknown: Not dropping the column of field notification_id of model mail.resend.partner 
2026-04-03 13:17:47,988 174186 INFO eniemela_19 odoo.models.unlink: User #1 deleted ir.model.data records with IDs: [339155] 
2026-04-03 13:17:47,988 174186 INFO eniemela_19 odoo.models.unlink: User #1 deleted ir.model.fields records with IDs: [14360] 
2026-04-03 13:17:47,991 174186 INFO eniemela_19 odoo.addons.base.models.ir_model: Deleting 14269@ir.model.fields (mail.field_res_partner__starred_message_ids) 
2026-04-03 13:17:47,992 174186 WARNING eniemela_19 OpenUpgrade: Module Unknown: Not dropping the column of field starred_message_ids of model res.partner 
2026-04-03 13:17:48,002 174186 INFO eniemela_19 odoo.models.unlink: User #1 deleted ir.model.data records with IDs: [339115] 
2026-04-03 13:17:48,002 174186 INFO eniemela_19 odoo.models.unlink: User #1 deleted ir.model.fields records with IDs: [14269] 
2026-04-03 13:17:48,006 174186 INFO eniemela_19 odoo.addons.base.models.ir_model: Deleting 14198@ir.model.fields (mail.field_discuss_channel__allow_public_upload) 
2026-04-03 13:17:48,007 174186 WARNING eniemela_19 OpenUpgrade: Module Unknown: Not dropping the column of field allow_public_upload of model discuss.channel 
2026-04-03 13:17:48,019 174186 INFO eniemela_19 odoo.models.unlink: User #1 deleted ir.model.data records with IDs: [339099] 
2026-04-03 13:17:48,019 174186 INFO eniemela_19 odoo.models.unlink: User #1 deleted ir.model.fields records with IDs: [14198] 
2026-04-03 13:17:48,022 174186 INFO eniemela_19 odoo.addons.base.models.ir_model: Deleting 14111@ir.model.fields (mail.field_res_users__starred_message_ids) 
2026-04-03 13:17:48,024 174186 WARNING eniemela_19 OpenUpgrade: Module Unknown: Not dropping the column of field starred_message_ids of model res.users 
2026-04-03 13:17:48,039 174186 INFO eniemela_19 odoo.models.unlink: User #1 deleted ir.model.data records with IDs: [339073] 
2026-04-03 13:17:48,040 174186 INFO eniemela_19 odoo.models.unlink: User #1 deleted ir.model.fields records with IDs: [14111] 
2026-04-03 13:17:48,044 174186 INFO eniemela_19 odoo.addons.base.models.ir_model: Deleting 14083@ir.model.fields (mail.field_res_config_settings__tenor_gif_limit) 
2026-04-03 13:17:48,046 174186 WARNING eniemela_19 OpenUpgrade: Module Unknown: Not dropping the column of field tenor_gif_limit of model res.config.settings 
2026-04-03 13:17:48,061 174186 INFO eniemela_19 odoo.models.unlink: User #1 deleted ir.model.data records with IDs: [339070] 
2026-04-03 13:17:48,062 174186 INFO eniemela_19 odoo.models.unlink: User #1 deleted ir.model.fields records with IDs: [14083] 
2026-04-03 13:17:48,067 174186 INFO eniemela_19 odoo.addons.base.models.ir_model: Deleting 14082@ir.model.fields (mail.field_res_config_settings__tenor_content_filter) 
2026-04-03 13:17:48,069 174186 WARNING eniemela_19 OpenUpgrade: Module Unknown: Not dropping the column of field tenor_content_filter of model res.config.settings 
2026-04-03 13:17:48,084 174186 INFO eniemela_19 odoo.models.unlink: User #1 deleted ir.model.data records with IDs: [339069] 
2026-04-03 13:17:48,085 174186 INFO eniemela_19 odoo.models.unlink: User #1 deleted ir.model.fields records with IDs: [14082] 
2026-04-03 13:17:48,088 174186 INFO eniemela_19 odoo.addons.base.models.ir_model: Deleting 14059@ir.model.fields (mail.field_res_company__alias_domain_name) 
2026-04-03 13:17:48,089 174186 WARNING eniemela_19 OpenUpgrade: Module Unknown: Not dropping the column of field alias_domain_name of model res.company 
2026-04-03 13:17:48,106 174186 INFO eniemela_19 odoo.models.unlink: User #1 deleted ir.model.data records with IDs: [339057] 
2026-04-03 13:17:48,106 174186 INFO eniemela_19 odoo.models.unlink: User #1 deleted ir.model.fields records with IDs: [14059] 
2026-04-03 13:17:48,109 174186 INFO eniemela_19 odoo.addons.base.models.ir_model: Deleting 13680@ir.model.fields (mail.field_mail_activity_type__keep_done) 
2026-04-03 13:17:48,111 174186 WARNING eniemela_19 OpenUpgrade: Module Unknown: Not dropping the column of field keep_done of model mail.activity.type 
2026-04-03 13:17:48,119 174186 INFO eniemela_19 odoo.models.unlink: User #1 deleted ir.model.data records with IDs: [338998] 
2026-04-03 13:17:48,120 174186 INFO eniemela_19 odoo.models.unlink: User #1 deleted ir.model.fields records with IDs: [13680] 
2026-04-03 13:17:48,124 174186 INFO eniemela_19 odoo.addons.base.models.ir_model: Deleting 1449@ir.model.fields.selection (mail.selection__investment_position__activity_exception_decoration__danger) 
2026-04-03 13:17:48,128 174186 INFO eniemela_19 odoo.models.unlink: User #1 deleted ir.model.data records with IDs: [300075] 
2026-04-03 13:17:48,129 174186 INFO eniemela_19 odoo.models.unlink: User #1 deleted ir.model.fields.selection records with IDs: [1449] 
2026-04-03 13:17:48,132 174186 INFO eniemela_19 odoo.addons.base.models.ir_model: Deleting 1448@ir.model.fields.selection (mail.selection__investment_position__activity_exception_decoration__warning) 
2026-04-03 13:17:48,136 174186 INFO eniemela_19 odoo.models.unlink: User #1 deleted ir.model.data records with IDs: [300074] 
2026-04-03 13:17:48,137 174186 INFO eniemela_19 odoo.models.unlink: User #1 deleted ir.model.fields.selection records with IDs: [1448] 
2026-04-03 13:17:48,140 174186 INFO eniemela_19 odoo.addons.base.models.ir_model: Deleting 1447@ir.model.fields.selection (mail.selection__investment_position__activity_state__planned) 
2026-04-03 13:17:48,145 174186 INFO eniemela_19 odoo.models.unlink: User #1 deleted ir.model.data records with IDs: [300073] 
2026-04-03 13:17:48,146 174186 INFO eniemela_19 odoo.models.unlink: User #1 deleted ir.model.fields.selection records with IDs: [1447] 
2026-04-03 13:17:48,150 174186 INFO eniemela_19 odoo.addons.base.models.ir_model: Deleting 1446@ir.model.fields.selection (mail.selection__investment_position__activity_state__today) 
2026-04-03 13:17:48,155 174186 INFO eniemela_19 odoo.models.unlink: User #1 deleted ir.model.data records with IDs: [300072] 
2026-04-03 13:17:48,156 174186 INFO eniemela_19 odoo.models.unlink: User #1 deleted ir.model.fields.selection records with IDs: [1446] 
2026-04-03 13:17:48,159 174186 INFO eniemela_19 odoo.addons.base.models.ir_model: Deleting 1445@ir.model.fields.selection (mail.selection__investment_position__activity_state__overdue) 
2026-04-03 13:17:48,164 174186 INFO eniemela_19 odoo.models.unlink: User #1 deleted ir.model.data records with IDs: [300071] 
2026-04-03 13:17:48,165 174186 INFO eniemela_19 odoo.models.unlink: User #1 deleted ir.model.fields.selection records with IDs: [1445] 
2026-04-03 13:17:48,169 174186 INFO eniemela_19 odoo.addons.base.models.ir_model: Deleting 1397@ir.model.fields.selection (mail.selection__bitcoin_key__activity_exception_decoration__danger) 
2026-04-03 13:17:48,174 174186 INFO eniemela_19 odoo.models.unlink: User #1 deleted ir.model.data records with IDs: [231019] 
2026-04-03 13:17:48,174 174186 INFO eniemela_19 odoo.models.unlink: User #1 deleted ir.model.fields.selection records with IDs: [1397] 
2026-04-03 13:17:48,178 174186 INFO eniemela_19 odoo.addons.base.models.ir_model: Deleting 1396@ir.model.fields.selection (mail.selection__bitcoin_key__activity_exception_decoration__warning) 
2026-04-03 13:17:48,187 174186 INFO eniemela_19 odoo.models.unlink: User #1 deleted ir.model.data records with IDs: [231018] 
2026-04-03 13:17:48,188 174186 INFO eniemela_19 odoo.models.unlink: User #1 deleted ir.model.fields.selection records with IDs: [1396] 
2026-04-03 13:17:48,191 174186 INFO eniemela_19 odoo.addons.base.models.ir_model: Deleting 1395@ir.model.fields.selection (mail.selection__bitcoin_key__activity_state__planned) 
2026-04-03 13:17:48,195 174186 INFO eniemela_19 odoo.models.unlink: User #1 deleted ir.model.data records with IDs: [231017] 
2026-04-03 13:17:48,196 174186 INFO eniemela_19 odoo.models.unlink: User #1 deleted ir.model.fields.selection records with IDs: [1395] 
2026-04-03 13:17:48,199 174186 INFO eniemela_19 odoo.addons.base.models.ir_model: Deleting 1394@ir.model.fields.selection (mail.selection__bitcoin_key__activity_state__today) 
2026-04-03 13:17:48,202 174186 INFO eniemela_19 odoo.models.unlink: User #1 deleted ir.model.data records with IDs: [231016] 
2026-04-03 13:17:48,202 174186 INFO eniemela_19 odoo.models.unlink: User #1 deleted ir.model.fields.selection records with IDs: [1394] 
2026-04-03 13:17:48,205 174186 INFO eniemela_19 odoo.addons.base.models.ir_model: Deleting 1393@ir.model.fields.selection (mail.selection__bitcoin_key__activity_state__overdue) 
2026-04-03 13:17:48,210 174186 INFO eniemela_19 odoo.models.unlink: User #1 deleted ir.model.data records with IDs: [231015] 
2026-04-03 13:17:48,210 174186 INFO eniemela_19 odoo.models.unlink: User #1 deleted ir.model.fields.selection records with IDs: [1393] 
2026-04-03 13:17:48,213 174186 INFO eniemela_19 odoo.addons.base.models.ir_model: Deleting 1392@ir.model.fields.selection (mail.selection__bitcoin_wallet__activity_exception_decoration__danger) 
2026-04-03 13:17:48,218 174186 INFO eniemela_19 odoo.models.unlink: User #1 deleted ir.model.data records with IDs: [230868] 
2026-04-03 13:17:48,218 174186 INFO eniemela_19 odoo.models.unlink: User #1 deleted ir.model.fields.selection records with IDs: [1392] 
2026-04-03 13:17:48,221 174186 INFO eniemela_19 odoo.addons.base.models.ir_model: Deleting 1391@ir.model.fields.selection (mail.selection__bitcoin_wallet__activity_exception_decoration__warning) 
2026-04-03 13:17:48,226 174186 INFO eniemela_19 odoo.models.unlink: User #1 deleted ir.model.data records with IDs: [230867] 
2026-04-03 13:17:48,227 174186 INFO eniemela_19 odoo.models.unlink: User #1 deleted ir.model.fields.selection records with IDs: [1391] 
2026-04-03 13:17:48,230 174186 INFO eniemela_19 odoo.addons.base.models.ir_model: Deleting 1390@ir.model.fields.selection (mail.selection__bitcoin_wallet__activity_state__planned) 
2026-04-03 13:17:48,234 174186 INFO eniemela_19 odoo.models.unlink: User #1 deleted ir.model.data records with IDs: [230866] 
2026-04-03 13:17:48,235 174186 INFO eniemela_19 odoo.models.unlink: User #1 deleted ir.model.fields.selection records with IDs: [1390] 
2026-04-03 13:17:48,237 174186 INFO eniemela_19 odoo.addons.base.models.ir_model: Deleting 1389@ir.model.fields.selection (mail.selection__bitcoin_wallet__activity_state__today) 
2026-04-03 13:17:48,242 174186 INFO eniemela_19 odoo.models.unlink: User #1 deleted ir.model.data records with IDs: [230865] 
2026-04-03 13:17:48,243 174186 INFO eniemela_19 odoo.models.unlink: User #1 deleted ir.model.fields.selection records with IDs: [1389] 
2026-04-03 13:17:48,246 174186 INFO eniemela_19 odoo.addons.base.models.ir_model: Deleting 1388@ir.model.fields.selection (mail.selection__bitcoin_wallet__activity_state__overdue) 
2026-04-03 13:17:48,252 174186 INFO eniemela_19 odoo.models.unlink: User #1 deleted ir.model.data records with IDs: [230864] 
2026-04-03 13:17:48,252 174186 INFO eniemela_19 odoo.models.unlink: User #1 deleted ir.model.fields.selection records with IDs: [1388] 
2026-04-03 13:17:48,255 174186 INFO eniemela_19 odoo.addons.base.models.ir_model: Deleting 1199@ir.model.fields.selection (mail.selection__note_note__activity_exception_decoration__danger) 
2026-04-03 13:17:48,260 174186 INFO eniemela_19 odoo.models.unlink: User #1 deleted ir.model.data records with IDs: [229376] 
2026-04-03 13:17:48,260 174186 INFO eniemela_19 odoo.models.unlink: User #1 deleted ir.model.fields.selection records with IDs: [1199] 
2026-04-03 13:17:48,262 174186 INFO eniemela_19 odoo.addons.base.models.ir_model: Deleting 1198@ir.model.fields.selection (mail.selection__note_note__activity_exception_decoration__warning) 
2026-04-03 13:17:48,267 174186 INFO eniemela_19 odoo.models.unlink: User #1 deleted ir.model.data records with IDs: [229375] 
2026-04-03 13:17:48,268 174186 INFO eniemela_19 odoo.models.unlink: User #1 deleted ir.model.fields.selection records with IDs: [1198] 
2026-04-03 13:17:48,271 174186 INFO eniemela_19 odoo.addons.base.models.ir_model: Deleting 1197@ir.model.fields.selection (mail.selection__note_note__activity_state__planned) 
2026-04-03 13:17:48,275 174186 INFO eniemela_19 odoo.models.unlink: User #1 deleted ir.model.data records with IDs: [229374] 
2026-04-03 13:17:48,275 174186 INFO eniemela_19 odoo.models.unlink: User #1 deleted ir.model.fields.selection records with IDs: [1197] 
2026-04-03 13:17:48,278 174186 INFO eniemela_19 odoo.addons.base.models.ir_model: Deleting 1196@ir.model.fields.selection (mail.selection__note_note__activity_state__today) 
2026-04-03 13:17:48,283 174186 INFO eniemela_19 odoo.models.unlink: User #1 deleted ir.model.data records with IDs: [229373] 
2026-04-03 13:17:48,283 174186 INFO eniemela_19 odoo.models.unlink: User #1 deleted ir.model.fields.selection records with IDs: [1196] 
2026-04-03 13:17:48,286 174186 INFO eniemela_19 odoo.addons.base.models.ir_model: Deleting 1195@ir.model.fields.selection (mail.selection__note_note__activity_state__overdue) 
2026-04-03 13:17:48,288 174186 INFO eniemela_19 odoo.models.unlink: User #1 deleted ir.model.data records with IDs: [229372] 
2026-04-03 13:17:48,289 174186 INFO eniemela_19 odoo.models.unlink: User #1 deleted ir.model.fields.selection records with IDs: [1195] 
2026-04-03 13:17:48,292 174186 INFO eniemela_19 odoo.addons.base.models.ir_model: Deleting 731@ir.model.fields.selection (mail.selection__investment_asset__activity_exception_decoration__danger) 
2026-04-03 13:17:48,297 174186 INFO eniemela_19 odoo.models.unlink: User #1 deleted ir.model.data records with IDs: [229135] 
2026-04-03 13:17:48,297 174186 INFO eniemela_19 odoo.models.unlink: User #1 deleted ir.model.fields.selection records with IDs: [731] 
2026-04-03 13:17:48,300 174186 INFO eniemela_19 odoo.addons.base.models.ir_model: Deleting 730@ir.model.fields.selection (mail.selection__investment_asset__activity_exception_decoration__warning) 
2026-04-03 13:17:48,305 174186 INFO eniemela_19 odoo.models.unlink: User #1 deleted ir.model.data records with IDs: [229134] 
2026-04-03 13:17:48,305 174186 INFO eniemela_19 odoo.models.unlink: User #1 deleted ir.model.fields.selection records with IDs: [730] 
2026-04-03 13:17:48,308 174186 INFO eniemela_19 odoo.addons.base.models.ir_model: Deleting 728@ir.model.fields.selection (mail.selection__investment_asset__activity_state__planned) 
2026-04-03 13:17:48,312 174186 INFO eniemela_19 odoo.models.unlink: User #1 deleted ir.model.data records with IDs: [229133] 
2026-04-03 13:17:48,312 174186 INFO eniemela_19 odoo.models.unlink: User #1 deleted ir.model.fields.selection records with IDs: [728] 
2026-04-03 13:17:48,316 174186 INFO eniemela_19 odoo.addons.base.models.ir_model: Deleting 727@ir.model.fields.selection (mail.selection__investment_asset__activity_state__today) 
2026-04-03 13:17:48,320 174186 INFO eniemela_19 odoo.models.unlink: User #1 deleted ir.model.data records with IDs: [229132] 
2026-04-03 13:17:48,321 174186 INFO eniemela_19 odoo.models.unlink: User #1 deleted ir.model.fields.selection records with IDs: [727] 
2026-04-03 13:17:48,324 174186 INFO eniemela_19 odoo.addons.base.models.ir_model: Deleting 729@ir.model.fields.selection (mail.selection__investment_asset__activity_state__overdue) 
2026-04-03 13:17:48,328 174186 INFO eniemela_19 odoo.models.unlink: User #1 deleted ir.model.data records with IDs: [229131] 
2026-04-03 13:17:48,329 174186 INFO eniemela_19 odoo.models.unlink: User #1 deleted ir.model.fields.selection records with IDs: [729] 
2026-04-03 13:17:48,332 174186 INFO eniemela_19 odoo.addons.base.models.ir_model: Deleting 735@ir.model.fields.selection (mail.selection__cashflow_entry__activity_exception_decoration__danger) 
2026-04-03 13:17:48,336 174186 INFO eniemela_19 odoo.models.unlink: User #1 deleted ir.model.data records with IDs: [228733] 
2026-04-03 13:17:48,336 174186 INFO eniemela_19 odoo.models.unlink: User #1 deleted ir.model.fields.selection records with IDs: [735] 
2026-04-03 13:17:48,339 174186 INFO eniemela_19 odoo.addons.base.models.ir_model: Deleting 736@ir.model.fields.selection (mail.selection__cashflow_entry__activity_exception_decoration__warning) 
2026-04-03 13:17:48,342 174186 INFO eniemela_19 odoo.models.unlink: User #1 deleted ir.model.data records with IDs: [228732] 
2026-04-03 13:17:48,342 174186 INFO eniemela_19 odoo.models.unlink: User #1 deleted ir.model.fields.selection records with IDs: [736] 
2026-04-03 13:17:48,345 174186 INFO eniemela_19 odoo.addons.base.models.ir_model: Deleting 734@ir.model.fields.selection (mail.selection__cashflow_entry__activity_state__planned) 
2026-04-03 13:17:48,348 174186 INFO eniemela_19 odoo.models.unlink: User #1 deleted ir.model.data records with IDs: [228731] 
2026-04-03 13:17:48,348 174186 INFO eniemela_19 odoo.models.unlink: User #1 deleted ir.model.fields.selection records with IDs: [734] 
2026-04-03 13:17:48,351 174186 INFO eniemela_19 odoo.addons.base.models.ir_model: Deleting 732@ir.model.fields.selection (mail.selection__cashflow_entry__activity_state__today) 
2026-04-03 13:17:48,355 174186 INFO eniemela_19 odoo.models.unlink: User #1 deleted ir.model.data records with IDs: [228730] 
2026-04-03 13:17:48,355 174186 INFO eniemela_19 odoo.models.unlink: User #1 deleted ir.model.fields.selection records with IDs: [732] 
2026-04-03 13:17:48,358 174186 INFO eniemela_19 odoo.addons.base.models.ir_model: Deleting 733@ir.model.fields.selection (mail.selection__cashflow_entry__activity_state__overdue) 
2026-04-03 13:17:48,361 174186 INFO eniemela_19 odoo.models.unlink: User #1 deleted ir.model.data records with IDs: [228729] 
2026-04-03 13:17:48,361 174186 INFO eniemela_19 odoo.models.unlink: User #1 deleted ir.model.fields.selection records with IDs: [733] 
2026-04-03 13:17:48,364 174186 INFO eniemela_19 odoo.addons.base.models.ir_model: Deleting 2141@ir.ui.view (html_editor.tests) 
2026-04-03 13:17:48,367 174186 INFO eniemela_19 odoo.models.unlink: User #1 deleted ir.model.data records with IDs: [168085] 
2026-04-03 13:17:48,368 174186 INFO eniemela_19 odoo.models.unlink: User #1 deleted ir.ui.view records with IDs: [2141] 
2026-04-03 13:17:48,372 174186 INFO eniemela_19 odoo.addons.base.models.ir_model: Deleting 1844@ir.model.constraint (mail.constraint_mail_activity_check_res_id_is_set) 
2026-04-03 13:17:48,374 174186 INFO eniemela_19 odoo.addons.base.models.ir_model: Dropped CONSTRAINT mail_activity_check_res_id_is_set@mail.activity 
2026-04-03 13:17:48,376 174186 INFO eniemela_19 odoo.models.unlink: User #1 deleted ir.model.data records with IDs: [167707] 
2026-04-03 13:17:48,377 174186 INFO eniemela_19 odoo.models.unlink: User #1 deleted ir.model.constraint records with IDs: [1844] 
2026-04-03 13:17:48,379 174186 INFO eniemela_19 odoo.addons.base.models.ir_model: Deleting 10719@ir.model.fields (mail.field_mail_resend_message__can_resend) 
2026-04-03 13:17:48,380 174186 WARNING eniemela_19 OpenUpgrade: Module Unknown: Not dropping the column of field can_resend of model mail.resend.message 
2026-04-03 13:17:48,387 174186 INFO eniemela_19 odoo.models.unlink: User #1 deleted ir.model.data records with IDs: [167600] 
2026-04-03 13:17:48,388 174186 INFO eniemela_19 odoo.models.unlink: User #1 deleted ir.model.fields records with IDs: [10719] 
2026-04-03 13:17:48,390 174186 INFO eniemela_19 odoo.addons.base.models.ir_model: Deleting 10718@ir.model.fields (mail.field_mail_resend_message__can_cancel) 
2026-04-03 13:17:48,391 174186 WARNING eniemela_19 OpenUpgrade: Module Unknown: Not dropping the column of field can_cancel of model mail.resend.message 
2026-04-03 13:17:48,399 174186 INFO eniemela_19 odoo.models.unlink: User #1 deleted ir.model.data records with IDs: [167599] 
2026-04-03 13:17:48,399 174186 INFO eniemela_19 odoo.models.unlink: User #1 deleted ir.model.fields records with IDs: [10718] 
2026-04-03 13:17:48,402 174186 INFO eniemela_19 odoo.addons.base.models.ir_model: Deleting 10660@ir.model.fields (mail.field_discuss_channel_member__fold_state) 
2026-04-03 13:17:48,403 174186 WARNING eniemela_19 OpenUpgrade: Module Unknown: Not dropping the column of field fold_state of model discuss.channel.member 
2026-04-03 13:17:48,410 174186 INFO eniemela_19 odoo.models.unlink: User #1 deleted ir.model.data records with IDs: [167571] 
2026-04-03 13:17:48,410 174186 INFO eniemela_19 odoo.models.unlink: User #1 deleted ir.model.fields records with IDs: [10660] 
2026-04-03 13:17:48,413 174186 INFO eniemela_19 odoo.addons.base.models.ir_model: Deleting 10640@ir.model.fields (mail.field_mail_mail__link_preview_ids) 
2026-04-03 13:17:48,414 174186 WARNING eniemela_19 OpenUpgrade: Module Unknown: Not dropping the column of field link_preview_ids of model mail.mail 
2026-04-03 13:17:48,423 174186 INFO eniemela_19 odoo.models.unlink: User #1 deleted ir.model.data records with IDs: [167557] 
2026-04-03 13:17:48,424 174186 INFO eniemela_19 odoo.models.unlink: User #1 deleted ir.model.fields records with IDs: [10640] 
2026-04-03 13:17:48,427 174186 INFO eniemela_19 odoo.addons.base.models.ir_model: Deleting 10623@ir.model.fields (mail.field_mail_message__link_preview_ids) 
2026-04-03 13:17:48,427 174186 WARNING eniemela_19 OpenUpgrade: Module Unknown: Not dropping the column of field link_preview_ids of model mail.message 
2026-04-03 13:17:48,434 174186 INFO eniemela_19 odoo.models.unlink: User #1 deleted ir.model.data records with IDs: [167549] 
2026-04-03 13:17:48,435 174186 INFO eniemela_19 odoo.models.unlink: User #1 deleted ir.model.fields records with IDs: [10623] 
2026-04-03 13:17:48,437 174186 INFO eniemela_19 odoo.addons.base.models.ir_model: Deleting 10591@ir.model.fields (mail.field_mail_link_preview__message_id) 
2026-04-03 13:17:48,440 174186 WARNING eniemela_19 OpenUpgrade: Module Unknown: Not dropping the column of field message_id of model mail.link.preview 
2026-04-03 13:17:48,450 174186 INFO eniemela_19 odoo.models.unlink: User #1 deleted ir.model.data records with IDs: [167522] 
2026-04-03 13:17:48,450 174186 INFO eniemela_19 odoo.models.unlink: User #1 deleted ir.model.fields records with IDs: [10591] 
2026-04-03 13:17:48,455 174186 INFO eniemela_19 odoo.addons.base.models.ir_model: Deleting 10535@ir.model.fields (base.field_res_users__user_group_warning) 
2026-04-03 13:17:48,457 174186 WARNING eniemela_19 OpenUpgrade: Module Unknown: Not dropping the column of field user_group_warning of model res.users 
2026-04-03 13:17:48,465 174186 INFO eniemela_19 odoo.models.unlink: User #1 deleted ir.model.data records with IDs: [163860] 
2026-04-03 13:17:48,465 174186 INFO eniemela_19 odoo.models.unlink: User #1 deleted ir.model.fields records with IDs: [10535] 
2026-04-03 13:17:48,470 174186 INFO eniemela_19 odoo.addons.base.models.ir_model: Deleting 2104@ir.ui.view (html_editor.s_hr) 
2026-04-03 13:17:48,473 174186 INFO eniemela_19 odoo.models.unlink: User #1 deleted ir.model.data records with IDs: [132114] 
2026-04-03 13:17:48,473 174186 INFO eniemela_19 odoo.models.unlink: User #1 deleted ir.ui.view records with IDs: [2104] 
2026-04-03 13:17:48,476 174186 INFO eniemela_19 odoo.addons.base.models.ir_model: Deleting 2103@ir.ui.view (html_editor.snippet_options) 
2026-04-03 13:17:48,480 174186 INFO eniemela_19 odoo.models.unlink: User #1 deleted ir.model.data records with IDs: [132113] 
2026-04-03 13:17:48,481 174186 INFO eniemela_19 odoo.models.unlink: User #1 deleted ir.ui.view records with IDs: [2103] 
2026-04-03 13:17:48,484 174186 INFO eniemela_19 odoo.addons.base.models.ir_model: Deleting 2102@ir.ui.view (html_editor.snippet_options_background_options) 
2026-04-03 13:17:48,489 174186 INFO eniemela_19 odoo.models.unlink: User #1 deleted ir.model.data records with IDs: [132112] 
2026-04-03 13:17:48,489 174186 INFO eniemela_19 odoo.models.unlink: User #1 deleted ir.ui.view records with IDs: [2102] 
2026-04-03 13:17:48,492 174186 INFO eniemela_19 odoo.addons.base.models.ir_model: Deleting 2101@ir.ui.view (html_editor.snippet_options_background_color_widget) 
2026-04-03 13:17:48,497 174186 INFO eniemela_19 odoo.models.unlink: User #1 deleted ir.model.data records with IDs: [132111] 
2026-04-03 13:17:48,498 174186 INFO eniemela_19 odoo.models.unlink: User #1 deleted ir.ui.view records with IDs: [2101] 
2026-04-03 13:17:48,501 174186 INFO eniemela_19 odoo.addons.base.models.ir_model: Deleting 2100@ir.ui.view (html_editor.snippet_options_image_optimization_widgets) 
2026-04-03 13:17:48,504 174186 INFO eniemela_19 odoo.models.unlink: User #1 deleted ir.model.data records with IDs: [132110] 
2026-04-03 13:17:48,505 174186 INFO eniemela_19 odoo.models.unlink: User #1 deleted ir.ui.view records with IDs: [2100] 
2026-04-03 13:17:48,508 174186 INFO eniemela_19 odoo.addons.base.models.ir_model: Deleting 2099@ir.ui.view (html_editor.snippets) 
2026-04-03 13:17:48,513 174186 INFO eniemela_19 odoo.models.unlink: User #1 deleted ir.model.data records with IDs: [132109] 
2026-04-03 13:17:48,513 174186 INFO eniemela_19 odoo.models.unlink: User #1 deleted ir.ui.view records with IDs: [2099] 
2026-04-03 13:17:48,516 174186 INFO eniemela_19 odoo.addons.base.models.ir_model: Deleting 2098@ir.ui.view (html_editor.colorpicker) 
2026-04-03 13:17:48,520 174186 INFO eniemela_19 odoo.models.unlink: User #1 deleted ir.model.data records with IDs: [132108] 
2026-04-03 13:17:48,521 174186 INFO eniemela_19 odoo.models.unlink: User #1 deleted ir.ui.view records with IDs: [2098] 
2026-04-03 13:17:48,524 174186 INFO eniemela_19 odoo.addons.base.models.ir_model: Deleting 353@ir.actions.act_window (uom.product_uom_categ_form_action) 
2026-04-03 13:17:48,530 174186 INFO eniemela_19 odoo.models.unlink: User #1 deleted ir.model.data records with IDs: [106643] 
2026-04-03 13:17:48,531 174186 INFO eniemela_19 odoo.models.unlink: User #1 deleted ir.actions.act_window records with IDs: [353] 
2026-04-03 13:17:48,534 174186 INFO eniemela_19 odoo.addons.base.models.ir_model: Deleting 1057@ir.ui.view (uom.uom_categ_view_search) 
2026-04-03 13:17:48,539 174186 INFO eniemela_19 odoo.models.unlink: User #1 deleted ir.model.data records with IDs: [106642] 
2026-04-03 13:17:48,539 174186 INFO eniemela_19 odoo.models.unlink: User #1 deleted ir.ui.view records with IDs: [1057] 
2026-04-03 13:17:48,544 174186 INFO eniemela_19 odoo.addons.base.models.ir_model: Deleting 1056@ir.ui.view (uom.product_uom_categ_tree_view) 
2026-04-03 13:17:48,549 174186 INFO eniemela_19 odoo.models.unlink: User #1 deleted ir.model.data records with IDs: [106641] 
2026-04-03 13:17:48,549 174186 INFO eniemela_19 odoo.models.unlink: User #1 deleted ir.ui.view records with IDs: [1056] 
2026-04-03 13:17:48,553 174186 INFO eniemela_19 odoo.addons.base.models.ir_model: Deleting 1055@ir.ui.view (uom.product_uom_categ_form_view) 
2026-04-03 13:17:48,558 174186 INFO eniemela_19 odoo.models.unlink: User #1 deleted ir.model.data records with IDs: [106640] 
2026-04-03 13:17:48,558 174186 INFO eniemela_19 odoo.models.unlink: User #1 deleted ir.ui.view records with IDs: [1055] 
2026-04-03 13:17:48,563 174186 INFO eniemela_19 odoo.addons.base.models.ir_model: Deleting 437@ir.model.access (uom.access_uom_category_user) 
2026-04-03 13:17:48,567 174186 INFO eniemela_19 odoo.models.unlink: User #1 deleted ir.model.data records with IDs: [106633] 
2026-04-03 13:17:48,567 174186 INFO eniemela_19 odoo.models.unlink: User #1 deleted ir.model.access records with IDs: [437] 
2026-04-03 13:17:48,571 174186 INFO eniemela_19 odoo.addons.base.models.ir_model: Deleting 436@ir.model.access (uom.access_uom_category_manager) 
2026-04-03 13:17:48,574 174186 INFO eniemela_19 odoo.models.unlink: User #1 deleted ir.model.data records with IDs: [106632] 
2026-04-03 13:17:48,575 174186 INFO eniemela_19 odoo.models.unlink: User #1 deleted ir.model.access records with IDs: [436] 
2026-04-03 13:17:48,578 174186 INFO eniemela_19 odoo.addons.base.models.ir_model: Deleting 868@ir.model.constraint (uom.constraint_uom_uom_rounding_gt_zero) 
2026-04-03 13:17:48,581 174186 INFO eniemela_19 odoo.addons.base.models.ir_model: Dropped CONSTRAINT uom_uom_rounding_gt_zero@uom.uom 
2026-04-03 13:17:48,585 174186 INFO eniemela_19 odoo.models.unlink: User #1 deleted ir.model.data records with IDs: [106598] 
2026-04-03 13:17:48,585 174186 INFO eniemela_19 odoo.models.unlink: User #1 deleted ir.model.constraint records with IDs: [868] 
2026-04-03 13:17:48,588 174186 INFO eniemela_19 odoo.addons.base.models.ir_model: Deleting 817@ir.model.fields.selection (uom.selection__uom_uom__uom_type__smaller) 
2026-04-03 13:17:48,591 174186 INFO eniemela_19 odoo.models.unlink: User #1 deleted ir.model.data records with IDs: [106596] 
2026-04-03 13:17:48,592 174186 INFO eniemela_19 odoo.models.unlink: User #1 deleted ir.model.fields.selection records with IDs: [817] 
2026-04-03 13:17:48,594 174186 INFO eniemela_19 odoo.addons.base.models.ir_model: Deleting 816@ir.model.fields.selection (uom.selection__uom_uom__uom_type__reference) 
2026-04-03 13:17:48,597 174186 INFO eniemela_19 odoo.models.unlink: User #1 deleted ir.model.data records with IDs: [106595] 
2026-04-03 13:17:48,598 174186 INFO eniemela_19 odoo.models.unlink: User #1 deleted ir.model.fields.selection records with IDs: [816] 
2026-04-03 13:17:48,601 174186 INFO eniemela_19 odoo.addons.base.models.ir_model: Deleting 815@ir.model.fields.selection (uom.selection__uom_uom__uom_type__bigger) 
2026-04-03 13:17:48,606 174186 INFO eniemela_19 odoo.models.unlink: User #1 deleted ir.model.data records with IDs: [106594] 
2026-04-03 13:17:48,606 174186 INFO eniemela_19 odoo.models.unlink: User #1 deleted ir.model.fields.selection records with IDs: [815] 
2026-04-03 13:17:48,609 174186 INFO eniemela_19 odoo.addons.base.models.ir_model: Deleting 6193@ir.model.fields (uom.field_uom_uom__color) 
2026-04-03 13:17:48,610 174186 WARNING eniemela_19 OpenUpgrade: Module Unknown: Not dropping the column of field color of model uom.uom 
2026-04-03 13:17:48,621 174186 INFO eniemela_19 odoo.models.unlink: User #1 deleted ir.model.data records with IDs: [106586] 
2026-04-03 13:17:48,621 174186 INFO eniemela_19 odoo.models.unlink: User #1 deleted ir.model.fields records with IDs: [6193] 
2026-04-03 13:17:48,624 174186 INFO eniemela_19 odoo.addons.base.models.ir_model: Deleting 6192@ir.model.fields (uom.field_uom_uom__ratio) 
2026-04-03 13:17:48,625 174186 WARNING eniemela_19 OpenUpgrade: Module Unknown: Not dropping the column of field ratio of model uom.uom 
2026-04-03 13:17:48,636 174186 INFO eniemela_19 odoo.models.unlink: User #1 deleted ir.model.data records with IDs: [106585] 
2026-04-03 13:17:48,636 174186 INFO eniemela_19 odoo.models.unlink: User #1 deleted ir.model.fields records with IDs: [6192] 
2026-04-03 13:17:48,640 174186 INFO eniemela_19 odoo.addons.base.models.ir_model: Deleting 6191@ir.model.fields (uom.field_uom_uom__uom_type) 
2026-04-03 13:17:48,642 174186 WARNING eniemela_19 OpenUpgrade: Module Unknown: Not dropping the column of field uom_type of model uom.uom 
2026-04-03 13:17:48,654 174186 INFO eniemela_19 odoo.models.unlink: User #1 deleted ir.model.data records with IDs: [106584] 
2026-04-03 13:17:48,654 174186 INFO eniemela_19 odoo.models.unlink: User #1 deleted ir.model.fields records with IDs: [6191] 
2026-04-03 13:17:48,658 174186 INFO eniemela_19 odoo.addons.base.models.ir_model: Deleting 6188@ir.model.fields (uom.field_uom_uom__factor_inv) 
2026-04-03 13:17:48,660 174186 WARNING eniemela_19 OpenUpgrade: Module Unknown: Not dropping the column of field factor_inv of model uom.uom 
2026-04-03 13:17:48,674 174186 INFO eniemela_19 odoo.models.unlink: User #1 deleted ir.model.data records with IDs: [106581] 
2026-04-03 13:17:48,674 174186 INFO eniemela_19 odoo.models.unlink: User #1 deleted ir.model.fields records with IDs: [6188] 
2026-04-03 13:17:48,678 174186 INFO eniemela_19 odoo.addons.base.models.ir_model: Deleting 6186@ir.model.fields (uom.field_uom_uom__category_id) 
2026-04-03 13:17:48,679 174186 WARNING eniemela_19 OpenUpgrade: Module Unknown: Not dropping the column of field category_id of model uom.uom 
2026-04-03 13:17:48,690 174186 INFO eniemela_19 odoo.models.unlink: User #1 deleted ir.model.data records with IDs: [106579] 
2026-04-03 13:17:48,691 174186 INFO eniemela_19 odoo.models.unlink: User #1 deleted ir.model.fields records with IDs: [6186] 
2026-04-03 13:17:48,694 174186 INFO eniemela_19 odoo.addons.base.models.ir_model: Deleting 6184@ir.model.fields (uom.field_uom_category__write_date) 
2026-04-03 13:17:48,704 174186 INFO eniemela_19 odoo.models.unlink: User #1 deleted ir.model.data records with IDs: [106577] 
2026-04-03 13:17:48,704 174186 INFO eniemela_19 odoo.models.unlink: User #1 deleted ir.model.fields records with IDs: [6184] 
2026-04-03 13:17:48,708 174186 INFO eniemela_19 odoo.addons.base.models.ir_model: Deleting 6183@ir.model.fields (uom.field_uom_category__write_uid) 
2026-04-03 13:17:48,719 174186 INFO eniemela_19 odoo.models.unlink: User #1 deleted ir.model.data records with IDs: [106576] 
2026-04-03 13:17:48,719 174186 INFO eniemela_19 odoo.models.unlink: User #1 deleted ir.model.fields records with IDs: [6183] 
2026-04-03 13:17:48,721 174186 INFO eniemela_19 odoo.addons.base.models.ir_model: Deleting 6182@ir.model.fields (uom.field_uom_category__create_date) 
2026-04-03 13:17:48,732 174186 INFO eniemela_19 odoo.models.unlink: User #1 deleted ir.model.data records with IDs: [106575] 
2026-04-03 13:17:48,732 174186 INFO eniemela_19 odoo.models.unlink: User #1 deleted ir.model.fields records with IDs: [6182] 
2026-04-03 13:17:48,735 174186 INFO eniemela_19 odoo.addons.base.models.ir_model: Deleting 6181@ir.model.fields (uom.field_uom_category__create_uid) 
2026-04-03 13:17:48,745 174186 INFO eniemela_19 odoo.models.unlink: User #1 deleted ir.model.data records with IDs: [106574] 
2026-04-03 13:17:48,746 174186 INFO eniemela_19 odoo.models.unlink: User #1 deleted ir.model.fields records with IDs: [6181] 
2026-04-03 13:17:48,749 174186 INFO eniemela_19 odoo.addons.base.models.ir_model: Deleting 6180@ir.model.fields (uom.field_uom_category__display_name) 
2026-04-03 13:17:48,751 174186 WARNING eniemela_19 OpenUpgrade: Module Unknown: Not dropping the column of field display_name of model uom.category 
2026-04-03 13:17:48,761 174186 INFO eniemela_19 odoo.models.unlink: User #1 deleted ir.model.data records with IDs: [106573] 
2026-04-03 13:17:48,762 174186 INFO eniemela_19 odoo.models.unlink: User #1 deleted ir.model.fields records with IDs: [6180] 
2026-04-03 13:17:48,765 174186 INFO eniemela_19 odoo.addons.base.models.ir_model: Deleting 6178@ir.model.fields (uom.field_uom_category__id) 
2026-04-03 13:17:48,777 174186 INFO eniemela_19 odoo.models.unlink: User #1 deleted ir.model.data records with IDs: [106571] 
2026-04-03 13:17:48,778 174186 INFO eniemela_19 odoo.models.unlink: User #1 deleted ir.model.fields records with IDs: [6178] 
2026-04-03 13:17:48,781 174186 INFO eniemela_19 odoo.addons.base.models.ir_model: Deleting 6177@ir.model.fields (uom.field_uom_category__reference_uom_id) 
2026-04-03 13:17:48,782 174186 WARNING eniemela_19 OpenUpgrade: Module Unknown: Not dropping the column of field reference_uom_id of model uom.category 
2026-04-03 13:17:48,795 174186 INFO eniemela_19 odoo.models.unlink: User #1 deleted ir.model.data records with IDs: [106570] 
2026-04-03 13:17:48,795 174186 INFO eniemela_19 odoo.models.unlink: User #1 deleted ir.model.fields records with IDs: [6177] 
2026-04-03 13:17:48,800 174186 INFO eniemela_19 odoo.addons.base.models.ir_model: Deleting 6176@ir.model.fields (uom.field_uom_category__uom_ids) 
2026-04-03 13:17:48,802 174186 WARNING eniemela_19 OpenUpgrade: Module Unknown: Not dropping the column of field uom_ids of model uom.category 
2026-04-03 13:17:48,815 174186 INFO eniemela_19 odoo.models.unlink: User #1 deleted ir.model.data records with IDs: [106569] 
2026-04-03 13:17:48,816 174186 INFO eniemela_19 odoo.models.unlink: User #1 deleted ir.model.fields records with IDs: [6176] 
2026-04-03 13:17:48,819 174186 INFO eniemela_19 odoo.addons.base.models.ir_model: Deleting 6175@ir.model.fields (uom.field_uom_category__name) 
2026-04-03 13:17:48,820 174186 WARNING eniemela_19 OpenUpgrade: Module Unknown: Not dropping the column of field name of model uom.category 
2026-04-03 13:17:48,833 174186 INFO eniemela_19 odoo.models.unlink: User #1 deleted ir.model.data records with IDs: [106568] 
2026-04-03 13:17:48,833 174186 INFO eniemela_19 odoo.models.unlink: User #1 deleted ir.model.fields records with IDs: [6175] 
2026-04-03 13:17:48,837 174186 INFO eniemela_19 odoo.addons.base.models.ir_model: Deleting 493@ir.model (uom.model_uom_category) 
2026-04-03 13:17:48,843 174186 INFO eniemela_19 odoo.models.unlink: User #1 deleted ir.model.data records with IDs: [106601, 106600, 106605, 106603, 106604, 106602] 
2026-04-03 13:17:48,853 174186 INFO eniemela_19 odoo.models.unlink: User #1 deleted ir.model.data records with IDs: [106566] 
2026-04-03 13:17:48,854 174186 INFO eniemela_19 odoo.models.unlink: User #1 deleted ir.model records with IDs: [493] 
2026-04-03 13:17:48,857 174186 INFO eniemela_19 odoo.addons.base.models.ir_model: Deleting 830@ir.model.constraint (mail.constraint_bus_presence_partner_or_guest_exists) 
2026-04-03 13:17:48,860 174186 INFO eniemela_19 odoo.addons.base.models.ir_model: Dropped CONSTRAINT bus_presence_partner_or_guest_exists@bus.presence 
2026-04-03 13:17:48,863 174186 INFO eniemela_19 odoo.models.unlink: User #1 deleted ir.model.data records with IDs: [91464] 
2026-04-03 13:17:48,863 174186 INFO eniemela_19 odoo.models.unlink: User #1 deleted ir.model.constraint records with IDs: [830] 
2026-04-03 13:17:48,867 174186 INFO eniemela_19 odoo.addons.base.models.ir_model: Deleting 6088@ir.model.fields (mail.field_bus_presence__guest_id) 
2026-04-03 13:17:48,869 174186 WARNING eniemela_19 OpenUpgrade: Module Unknown: Not dropping the column of field guest_id of model bus.presence 
2026-04-03 13:17:48,883 174186 INFO eniemela_19 odoo.models.unlink: User #1 deleted ir.model.data records with IDs: [91349] 
2026-04-03 13:17:48,883 174186 INFO eniemela_19 odoo.models.unlink: User #1 deleted ir.model.fields records with IDs: [6088] 
2026-04-03 13:17:48,887 174186 INFO eniemela_19 odoo.addons.base.models.ir_model: Deleting 1@ir.asset (html_editor.13_0_color_system_support_primary_variables_scss) 
2026-04-03 13:17:48,892 174186 INFO eniemela_19 odoo.models.unlink: User #1 deleted ir.model.data records with IDs: [81769] 
2026-04-03 13:17:48,892 174186 INFO eniemela_19 odoo.models.unlink: User #1 deleted ir.asset records with IDs: [1] 
2026-04-03 13:17:48,895 174186 INFO eniemela_19 odoo.addons.base.models.ir_model: Deleting 5936@ir.model.fields (base_setup.field_res_config_settings__module_product_images) 
2026-04-03 13:17:48,896 174186 WARNING eniemela_19 OpenUpgrade: Module Unknown: Not dropping the column of field module_product_images of model res.config.settings 
2026-04-03 13:17:48,914 174186 INFO eniemela_19 odoo.models.unlink: User #1 deleted ir.model.data records with IDs: [81670] 
2026-04-03 13:17:48,915 174186 INFO eniemela_19 odoo.models.unlink: User #1 deleted ir.model.fields records with IDs: [5936] 
2026-04-03 13:17:48,920 174186 INFO eniemela_19 odoo.addons.base.models.ir_model: Deleting 5913@ir.model.fields (base.field_res_company__mobile) 
2026-04-03 13:17:48,921 174186 WARNING eniemela_19 OpenUpgrade: Module Unknown: Not dropping the column of field mobile of model res.company 
2026-04-03 13:17:48,934 174186 INFO eniemela_19 odoo.models.unlink: User #1 deleted ir.model.data records with IDs: [78643] 
2026-04-03 13:17:48,934 174186 INFO eniemela_19 odoo.models.unlink: User #1 deleted ir.model.fields records with IDs: [5913] 
2026-04-03 13:17:48,938 174186 INFO eniemela_19 odoo.addons.base.models.ir_model: Deleting 410@ir.model.access (mail.access_mail_resend_partner) 
2026-04-03 13:17:48,942 174186 INFO eniemela_19 odoo.models.unlink: User #1 deleted ir.model.data records with IDs: [77049] 
2026-04-03 13:17:48,943 174186 INFO eniemela_19 odoo.models.unlink: User #1 deleted ir.model.access records with IDs: [410] 
2026-04-03 13:17:48,946 174186 INFO eniemela_19 odoo.addons.base.models.ir_model: Deleting 409@ir.model.access (mail.access_mail_resend_message) 
2026-04-03 13:17:48,948 174186 INFO eniemela_19 odoo.models.unlink: User #1 deleted ir.model.data records with IDs: [77048] 
2026-04-03 13:17:48,949 174186 INFO eniemela_19 odoo.models.unlink: User #1 deleted ir.model.access records with IDs: [409] 
2026-04-03 13:17:48,952 174186 INFO eniemela_19 odoo.addons.base.models.ir_model: Deleting 405@ir.model.access (mail.access_mail_wizard_invite) 
2026-04-03 13:17:48,956 174186 INFO eniemela_19 odoo.models.unlink: User #1 deleted ir.model.data records with IDs: [77044] 
2026-04-03 13:17:48,956 174186 INFO eniemela_19 odoo.models.unlink: User #1 deleted ir.model.access records with IDs: [405] 
2026-04-03 13:17:48,959 174186 INFO eniemela_19 odoo.addons.base.models.ir_model: Deleting 5739@ir.model.fields (mail.field_mail_activity__request_partner_id) 
2026-04-03 13:17:48,961 174186 WARNING eniemela_19 OpenUpgrade: Module Unknown: Not dropping the column of field request_partner_id of model mail.activity 
2026-04-03 13:17:48,971 174186 INFO eniemela_19 odoo.models.unlink: User #1 deleted ir.model.data records with IDs: [76772] 
2026-04-03 13:17:48,972 174186 INFO eniemela_19 odoo.models.unlink: User #1 deleted ir.model.fields records with IDs: [5739] 
2026-04-03 13:17:48,975 174186 INFO eniemela_19 odoo.addons.base.models.ir_model: Deleting 98@ir.actions.act_window (mail.mail_resend_message_action) 
2026-04-03 13:17:48,979 174186 INFO eniemela_19 odoo.models.unlink: User #1 deleted ir.model.data records with IDs: [5966] 
2026-04-03 13:17:48,979 174186 INFO eniemela_19 odoo.models.unlink: User #1 deleted ir.actions.act_window records with IDs: [98] 
2026-04-03 13:17:48,982 174186 INFO eniemela_19 odoo.addons.base.models.ir_model: Deleting 289@ir.ui.view (mail.mail_resend_message_view_form) 
2026-04-03 13:17:48,986 174186 INFO eniemela_19 odoo.models.unlink: User #1 deleted ir.model.data records with IDs: [5965] 
2026-04-03 13:17:48,987 174186 INFO eniemela_19 odoo.models.unlink: User #1 deleted ir.ui.view records with IDs: [289] 
2026-04-03 13:17:48,990 174186 INFO eniemela_19 odoo.addons.base.models.ir_model: Deleting 286@ir.ui.view (mail.mail_wizard_invite_form) 
2026-04-03 13:17:48,994 174186 INFO eniemela_19 odoo.models.unlink: User #1 deleted ir.model.data records with IDs: [5960] 
2026-04-03 13:17:48,995 174186 INFO eniemela_19 odoo.models.unlink: User #1 deleted ir.ui.view records with IDs: [286] 
2026-04-03 13:17:48,998 174186 INFO eniemela_19 odoo.addons.base.models.ir_model: Deleting 2323@ir.model.fields (mail.field_mail_resend_partner__write_date) 
2026-04-03 13:17:49,009 174186 INFO eniemela_19 odoo.models.unlink: User #1 deleted ir.model.data records with IDs: [5883] 
2026-04-03 13:17:49,009 174186 INFO eniemela_19 odoo.models.unlink: User #1 deleted ir.model.fields records with IDs: [2323] 
2026-04-03 13:17:49,011 174186 INFO eniemela_19 odoo.addons.base.models.ir_model: Deleting 2322@ir.model.fields (mail.field_mail_resend_partner__write_uid) 
2026-04-03 13:17:49,020 174186 INFO eniemela_19 odoo.models.unlink: User #1 deleted ir.model.data records with IDs: [5882] 
2026-04-03 13:17:49,020 174186 INFO eniemela_19 odoo.models.unlink: User #1 deleted ir.model.fields records with IDs: [2322] 
2026-04-03 13:17:49,023 174186 INFO eniemela_19 odoo.addons.base.models.ir_model: Deleting 2321@ir.model.fields (mail.field_mail_resend_partner__create_date) 
2026-04-03 13:17:49,035 174186 INFO eniemela_19 odoo.models.unlink: User #1 deleted ir.model.data records with IDs: [5881] 
2026-04-03 13:17:49,036 174186 INFO eniemela_19 odoo.models.unlink: User #1 deleted ir.model.fields records with IDs: [2321] 
2026-04-03 13:17:49,040 174186 INFO eniemela_19 odoo.addons.base.models.ir_model: Deleting 2320@ir.model.fields (mail.field_mail_resend_partner__create_uid) 
2026-04-03 13:17:49,056 174186 INFO eniemela_19 odoo.models.unlink: User #1 deleted ir.model.data records with IDs: [5880] 
2026-04-03 13:17:49,057 174186 INFO eniemela_19 odoo.models.unlink: User #1 deleted ir.model.fields records with IDs: [2320] 
2026-04-03 13:17:49,061 174186 INFO eniemela_19 odoo.addons.base.models.ir_model: Deleting 2319@ir.model.fields (mail.field_mail_resend_partner__display_name) 
2026-04-03 13:17:49,062 174186 WARNING eniemela_19 OpenUpgrade: Module Unknown: Not dropping the column of field display_name of model mail.resend.partner 
2026-04-03 13:17:49,071 174186 INFO eniemela_19 odoo.models.unlink: User #1 deleted ir.model.data records with IDs: [5879] 
2026-04-03 13:17:49,072 174186 INFO eniemela_19 odoo.models.unlink: User #1 deleted ir.model.fields records with IDs: [2319] 
2026-04-03 13:17:49,075 174186 INFO eniemela_19 odoo.addons.base.models.ir_model: Deleting 2318@ir.model.fields (mail.field_mail_resend_partner__id) 
2026-04-03 13:17:49,088 174186 INFO eniemela_19 odoo.models.unlink: User #1 deleted ir.model.data records with IDs: [5878] 
2026-04-03 13:17:49,089 174186 INFO eniemela_19 odoo.models.unlink: User #1 deleted ir.model.fields records with IDs: [2318] 
2026-04-03 13:17:49,092 174186 INFO eniemela_19 odoo.addons.base.models.ir_model: Deleting 2317@ir.model.fields (mail.field_mail_resend_partner__message) 
2026-04-03 13:17:49,093 174186 WARNING eniemela_19 OpenUpgrade: Module Unknown: Not dropping the column of field message of model mail.resend.partner 
2026-04-03 13:17:49,104 174186 INFO eniemela_19 odoo.models.unlink: User #1 deleted ir.model.data records with IDs: [5877] 
2026-04-03 13:17:49,104 174186 INFO eniemela_19 odoo.models.unlink: User #1 deleted ir.model.fields records with IDs: [2317] 
2026-04-03 13:17:49,107 174186 INFO eniemela_19 odoo.addons.base.models.ir_model: Deleting 2316@ir.model.fields (mail.field_mail_resend_partner__resend_wizard_id) 
2026-04-03 13:17:49,108 174186 WARNING eniemela_19 OpenUpgrade: Module Unknown: Not dropping the column of field resend_wizard_id of model mail.resend.partner 
2026-04-03 13:17:49,119 174186 INFO eniemela_19 odoo.models.unlink: User #1 deleted ir.model.data records with IDs: [5876] 
2026-04-03 13:17:49,120 174186 INFO eniemela_19 odoo.models.unlink: User #1 deleted ir.model.fields records with IDs: [2316] 
2026-04-03 13:17:49,123 174186 INFO eniemela_19 odoo.addons.base.models.ir_model: Deleting 2315@ir.model.fields (mail.field_mail_resend_partner__resend) 
2026-04-03 13:17:49,124 174186 WARNING eniemela_19 OpenUpgrade: Module Unknown: Not dropping the column of field resend of model mail.resend.partner 
2026-04-03 13:17:49,134 174186 INFO eniemela_19 odoo.models.unlink: User #1 deleted ir.model.data records with IDs: [5875] 
2026-04-03 13:17:49,135 174186 INFO eniemela_19 odoo.models.unlink: User #1 deleted ir.model.fields records with IDs: [2315] 
2026-04-03 13:17:49,138 174186 INFO eniemela_19 odoo.addons.base.models.ir_model: Deleting 2314@ir.model.fields (mail.field_mail_resend_partner__email) 
2026-04-03 13:17:49,139 174186 WARNING eniemela_19 OpenUpgrade: Module Unknown: Not dropping the column of field email of model mail.resend.partner 
2026-04-03 13:17:49,149 174186 INFO eniemela_19 odoo.models.unlink: User #1 deleted ir.model.data records with IDs: [5874] 
2026-04-03 13:17:49,150 174186 INFO eniemela_19 odoo.models.unlink: User #1 deleted ir.model.fields records with IDs: [2314] 
2026-04-03 13:17:49,152 174186 INFO eniemela_19 odoo.addons.base.models.ir_model: Deleting 2313@ir.model.fields (mail.field_mail_resend_partner__name) 
2026-04-03 13:17:49,153 174186 WARNING eniemela_19 OpenUpgrade: Module Unknown: Not dropping the column of field name of model mail.resend.partner 
2026-04-03 13:17:49,164 174186 INFO eniemela_19 odoo.models.unlink: User #1 deleted ir.model.data records with IDs: [5873] 
2026-04-03 13:17:49,164 174186 INFO eniemela_19 odoo.models.unlink: User #1 deleted ir.model.fields records with IDs: [2313] 
2026-04-03 13:17:49,167 174186 INFO eniemela_19 odoo.addons.base.models.ir_model: Deleting 2312@ir.model.fields (mail.field_mail_resend_partner__partner_id) 
2026-04-03 13:17:49,168 174186 WARNING eniemela_19 OpenUpgrade: Module Unknown: Not dropping the column of field partner_id of model mail.resend.partner 
2026-04-03 13:17:49,177 174186 INFO eniemela_19 odoo.models.unlink: User #1 deleted ir.model.data records with IDs: [5872] 
2026-04-03 13:17:49,178 174186 INFO eniemela_19 odoo.models.unlink: User #1 deleted ir.model.fields records with IDs: [2312] 
2026-04-03 13:17:49,180 174186 INFO eniemela_19 odoo.addons.base.models.ir_model: Deleting 163@ir.model (mail.model_mail_resend_partner) 
2026-04-03 13:17:49,184 174186 WARNING eniemela_19 OpenUpgrade: Module Unknown: Not dropping the column of field partner_ids of model mail.resend.message 
2026-04-03 13:17:49,194 174186 INFO eniemela_19 odoo.models.unlink: User #1 deleted ir.model.data records with IDs: [5860] 
2026-04-03 13:17:49,194 174186 INFO eniemela_19 odoo.models.unlink: User #1 deleted ir.model.fields records with IDs: [2301] 
2026-04-03 13:17:49,200 174186 INFO eniemela_19 odoo.models.unlink: User #1 deleted ir.model.data records with IDs: [5871] 
2026-04-03 13:17:49,200 174186 INFO eniemela_19 odoo.models.unlink: User #1 deleted ir.model records with IDs: [163] 
2026-04-03 13:17:49,203 174186 INFO eniemela_19 odoo.addons.base.models.ir_model: Deleting 2310@ir.model.fields (mail.field_mail_resend_message__write_date) 
2026-04-03 13:17:49,211 174186 INFO eniemela_19 odoo.models.unlink: User #1 deleted ir.model.data records with IDs: [5869] 
2026-04-03 13:17:49,212 174186 INFO eniemela_19 odoo.models.unlink: User #1 deleted ir.model.fields records with IDs: [2310] 
2026-04-03 13:17:49,215 174186 INFO eniemela_19 odoo.addons.base.models.ir_model: Deleting 2309@ir.model.fields (mail.field_mail_resend_message__write_uid) 
2026-04-03 13:17:49,223 174186 INFO eniemela_19 odoo.models.unlink: User #1 deleted ir.model.data records with IDs: [5868] 
2026-04-03 13:17:49,223 174186 INFO eniemela_19 odoo.models.unlink: User #1 deleted ir.model.fields records with IDs: [2309] 
2026-04-03 13:17:49,226 174186 INFO eniemela_19 odoo.addons.base.models.ir_model: Deleting 2308@ir.model.fields (mail.field_mail_resend_message__create_date) 
2026-04-03 13:17:49,235 174186 INFO eniemela_19 odoo.models.unlink: User #1 deleted ir.model.data records with IDs: [5867] 
2026-04-03 13:17:49,235 174186 INFO eniemela_19 odoo.models.unlink: User #1 deleted ir.model.fields records with IDs: [2308] 
2026-04-03 13:17:49,237 174186 INFO eniemela_19 odoo.addons.base.models.ir_model: Deleting 2307@ir.model.fields (mail.field_mail_resend_message__create_uid) 
2026-04-03 13:17:49,248 174186 INFO eniemela_19 odoo.models.unlink: User #1 deleted ir.model.data records with IDs: [5866] 
2026-04-03 13:17:49,248 174186 INFO eniemela_19 odoo.models.unlink: User #1 deleted ir.model.fields records with IDs: [2307] 
2026-04-03 13:17:49,251 174186 INFO eniemela_19 odoo.addons.base.models.ir_model: Deleting 2306@ir.model.fields (mail.field_mail_resend_message__display_name) 
2026-04-03 13:17:49,252 174186 WARNING eniemela_19 OpenUpgrade: Module Unknown: Not dropping the column of field display_name of model mail.resend.message 
2026-04-03 13:17:49,262 174186 INFO eniemela_19 odoo.models.unlink: User #1 deleted ir.model.data records with IDs: [5865] 
2026-04-03 13:17:49,263 174186 INFO eniemela_19 odoo.models.unlink: User #1 deleted ir.model.fields records with IDs: [2306] 
2026-04-03 13:17:49,266 174186 INFO eniemela_19 odoo.addons.base.models.ir_model: Deleting 2305@ir.model.fields (mail.field_mail_resend_message__id) 
2026-04-03 13:17:49,274 174186 INFO eniemela_19 odoo.models.unlink: User #1 deleted ir.model.data records with IDs: [5864] 
2026-04-03 13:17:49,275 174186 INFO eniemela_19 odoo.models.unlink: User #1 deleted ir.model.fields records with IDs: [2305] 
2026-04-03 13:17:49,278 174186 INFO eniemela_19 odoo.addons.base.models.ir_model: Deleting 2304@ir.model.fields (mail.field_mail_resend_message__partner_readonly) 
2026-04-03 13:17:49,278 174186 WARNING eniemela_19 OpenUpgrade: Module Unknown: Not dropping the column of field partner_readonly of model mail.resend.message 
2026-04-03 13:17:49,286 174186 INFO eniemela_19 odoo.models.unlink: User #1 deleted ir.model.data records with IDs: [5863] 
2026-04-03 13:17:49,287 174186 INFO eniemela_19 odoo.models.unlink: User #1 deleted ir.model.fields records with IDs: [2304] 
2026-04-03 13:17:49,290 174186 INFO eniemela_19 odoo.addons.base.models.ir_model: Deleting 2302@ir.model.fields (mail.field_mail_resend_message__notification_ids) 
2026-04-03 13:17:49,291 174186 WARNING eniemela_19 OpenUpgrade: Module Unknown: Not dropping the column of field notification_ids of model mail.resend.message 
2026-04-03 13:17:49,299 174186 INFO eniemela_19 odoo.models.unlink: User #1 deleted ir.model.data records with IDs: [5861] 
2026-04-03 13:17:49,299 174186 INFO eniemela_19 odoo.models.unlink: User #1 deleted ir.model.fields records with IDs: [2302] 
2026-04-03 13:17:49,302 174186 INFO eniemela_19 odoo.addons.base.models.ir_model: Deleting 2301@ir.model.fields (mail.field_mail_resend_message__partner_ids) 
2026-04-03 13:17:49,302 174186 INFO eniemela_19 odoo.addons.base.models.ir_model: Deleting 2300@ir.model.fields (mail.field_mail_resend_message__mail_message_id) 
2026-04-03 13:17:49,303 174186 WARNING eniemela_19 OpenUpgrade: Module Unknown: Not dropping the column of field mail_message_id of model mail.resend.message 
2026-04-03 13:17:49,311 174186 INFO eniemela_19 odoo.models.unlink: User #1 deleted ir.model.data records with IDs: [5859] 
2026-04-03 13:17:49,312 174186 INFO eniemela_19 odoo.models.unlink: User #1 deleted ir.model.fields records with IDs: [2300] 
2026-04-03 13:17:49,315 174186 INFO eniemela_19 odoo.addons.base.models.ir_model: Deleting 162@ir.model (mail.model_mail_resend_message) 
2026-04-03 13:17:49,323 174186 INFO eniemela_19 odoo.models.unlink: User #1 deleted ir.model.data records with IDs: [5858] 
2026-04-03 13:17:49,324 174186 INFO eniemela_19 odoo.models.unlink: User #1 deleted ir.model records with IDs: [162] 
2026-04-03 13:17:49,327 174186 INFO eniemela_19 odoo.addons.base.models.ir_model: Deleting 2266@ir.model.fields (mail.field_mail_compose_message__record_name) 
2026-04-03 13:17:49,328 174186 WARNING eniemela_19 OpenUpgrade: Module Unknown: Not dropping the column of field record_name of model mail.compose.message 
2026-04-03 13:17:49,341 174186 INFO eniemela_19 odoo.models.unlink: User #1 deleted ir.model.data records with IDs: [5821] 
2026-04-03 13:17:49,341 174186 INFO eniemela_19 odoo.models.unlink: User #1 deleted ir.model.fields records with IDs: [2266] 
2026-04-03 13:17:49,344 174186 INFO eniemela_19 odoo.addons.base.models.ir_model: Deleting 2256@ir.model.fields (mail.field_mail_wizard_invite__write_date) 
2026-04-03 13:17:49,356 174186 INFO eniemela_19 odoo.models.unlink: User #1 deleted ir.model.data records with IDs: [5810] 
2026-04-03 13:17:49,356 174186 INFO eniemela_19 odoo.models.unlink: User #1 deleted ir.model.fields records with IDs: [2256] 
2026-04-03 13:17:49,359 174186 INFO eniemela_19 odoo.addons.base.models.ir_model: Deleting 2255@ir.model.fields (mail.field_mail_wizard_invite__write_uid) 
2026-04-03 13:17:49,371 174186 INFO eniemela_19 odoo.models.unlink: User #1 deleted ir.model.data records with IDs: [5809] 
2026-04-03 13:17:49,372 174186 INFO eniemela_19 odoo.models.unlink: User #1 deleted ir.model.fields records with IDs: [2255] 
2026-04-03 13:17:49,375 174186 INFO eniemela_19 odoo.addons.base.models.ir_model: Deleting 2254@ir.model.fields (mail.field_mail_wizard_invite__create_date) 
2026-04-03 13:17:49,387 174186 INFO eniemela_19 odoo.models.unlink: User #1 deleted ir.model.data records with IDs: [5808] 
2026-04-03 13:17:49,387 174186 INFO eniemela_19 odoo.models.unlink: User #1 deleted ir.model.fields records with IDs: [2254] 
2026-04-03 13:17:49,390 174186 INFO eniemela_19 odoo.addons.base.models.ir_model: Deleting 2253@ir.model.fields (mail.field_mail_wizard_invite__create_uid) 
2026-04-03 13:17:49,401 174186 INFO eniemela_19 odoo.models.unlink: User #1 deleted ir.model.data records with IDs: [5807] 
2026-04-03 13:17:49,401 174186 INFO eniemela_19 odoo.models.unlink: User #1 deleted ir.model.fields records with IDs: [2253] 
2026-04-03 13:17:49,404 174186 INFO eniemela_19 odoo.addons.base.models.ir_model: Deleting 2252@ir.model.fields (mail.field_mail_wizard_invite__display_name) 
2026-04-03 13:17:49,405 174186 WARNING eniemela_19 OpenUpgrade: Module Unknown: Not dropping the column of field display_name of model mail.wizard.invite 
2026-04-03 13:17:49,412 174186 INFO eniemela_19 odoo.models.unlink: User #1 deleted ir.model.data records with IDs: [5806] 
2026-04-03 13:17:49,413 174186 INFO eniemela_19 odoo.models.unlink: User #1 deleted ir.model.fields records with IDs: [2252] 
2026-04-03 13:17:49,415 174186 INFO eniemela_19 odoo.addons.base.models.ir_model: Deleting 2251@ir.model.fields (mail.field_mail_wizard_invite__id) 
2026-04-03 13:17:49,425 174186 INFO eniemela_19 odoo.models.unlink: User #1 deleted ir.model.data records with IDs: [5805] 
2026-04-03 13:17:49,426 174186 INFO eniemela_19 odoo.models.unlink: User #1 deleted ir.model.fields records with IDs: [2251] 
2026-04-03 13:17:49,429 174186 INFO eniemela_19 odoo.addons.base.models.ir_model: Deleting 2249@ir.model.fields (mail.field_mail_wizard_invite__message) 
2026-04-03 13:17:49,429 174186 WARNING eniemela_19 OpenUpgrade: Module Unknown: Not dropping the column of field message of model mail.wizard.invite 
2026-04-03 13:17:49,437 174186 INFO eniemela_19 odoo.models.unlink: User #1 deleted ir.model.data records with IDs: [5803] 
2026-04-03 13:17:49,437 174186 INFO eniemela_19 odoo.models.unlink: User #1 deleted ir.model.fields records with IDs: [2249] 
2026-04-03 13:17:49,440 174186 INFO eniemela_19 odoo.addons.base.models.ir_model: Deleting 2247@ir.model.fields (mail.field_mail_wizard_invite__partner_ids) 
2026-04-03 13:17:49,442 174186 WARNING eniemela_19 OpenUpgrade: Module Unknown: Not dropping the column of field partner_ids of model mail.wizard.invite 
2026-04-03 13:17:49,451 174186 INFO eniemela_19 odoo.models.unlink: User #1 deleted ir.model.data records with IDs: [5801] 
2026-04-03 13:17:49,452 174186 INFO eniemela_19 odoo.models.unlink: User #1 deleted ir.model.fields records with IDs: [2247] 
2026-04-03 13:17:49,454 174186 INFO eniemela_19 odoo.addons.base.models.ir_model: Deleting 2246@ir.model.fields (mail.field_mail_wizard_invite__res_id) 
2026-04-03 13:17:49,455 174186 WARNING eniemela_19 OpenUpgrade: Module Unknown: Not dropping the column of field res_id of model mail.wizard.invite 
2026-04-03 13:17:49,466 174186 INFO eniemela_19 odoo.models.unlink: User #1 deleted ir.model.data records with IDs: [5800] 
2026-04-03 13:17:49,466 174186 INFO eniemela_19 odoo.models.unlink: User #1 deleted ir.model.fields records with IDs: [2246] 
2026-04-03 13:17:49,470 174186 INFO eniemela_19 odoo.addons.base.models.ir_model: Deleting 2245@ir.model.fields (mail.field_mail_wizard_invite__res_model) 
2026-04-03 13:17:49,471 174186 WARNING eniemela_19 OpenUpgrade: Module Unknown: Not dropping the column of field res_model of model mail.wizard.invite 
2026-04-03 13:17:49,484 174186 INFO eniemela_19 odoo.models.unlink: User #1 deleted ir.model.data records with IDs: [5799] 
2026-04-03 13:17:49,484 174186 INFO eniemela_19 odoo.models.unlink: User #1 deleted ir.model.fields records with IDs: [2245] 
2026-04-03 13:17:49,488 174186 INFO eniemela_19 odoo.addons.base.models.ir_model: Deleting 159@ir.model (mail.model_mail_wizard_invite) 
2026-04-03 13:17:49,495 174186 INFO eniemela_19 odoo.models.unlink: User #1 deleted ir.model.data records with IDs: [5798] 
2026-04-03 13:17:49,496 174186 INFO eniemela_19 odoo.models.unlink: User #1 deleted ir.model records with IDs: [159] 
2026-04-03 13:17:49,499 174186 INFO eniemela_19 odoo.addons.base.models.ir_model: Deleting 2158@ir.model.fields (mail.field_mail_canned_response__description) 
2026-04-03 13:17:49,501 174186 WARNING eniemela_19 OpenUpgrade: Module Unknown: Not dropping the column of field description of model mail.canned.response 
2026-04-03 13:17:49,511 174186 INFO eniemela_19 odoo.models.unlink: User #1 deleted ir.model.data records with IDs: [5665] 
2026-04-03 13:17:49,511 174186 INFO eniemela_19 odoo.models.unlink: User #1 deleted ir.model.fields records with IDs: [2158] 
2026-04-03 13:17:49,514 174186 INFO eniemela_19 odoo.addons.base.models.ir_model: Deleting 127@ir.model.access (bus.access_bus_presence_portal) 
2026-04-03 13:17:49,517 174186 INFO eniemela_19 odoo.models.unlink: User #1 deleted ir.model.data records with IDs: [4945] 
2026-04-03 13:17:49,517 174186 INFO eniemela_19 odoo.models.unlink: User #1 deleted ir.model.access records with IDs: [127] 
2026-04-03 13:17:49,520 174186 INFO eniemela_19 odoo.addons.base.models.ir_model: Deleting 126@ir.model.access (bus.access_bus_presence) 
2026-04-03 13:17:49,522 174186 INFO eniemela_19 odoo.models.unlink: User #1 deleted ir.model.data records with IDs: [4944] 
2026-04-03 13:17:49,522 174186 INFO eniemela_19 odoo.models.unlink: User #1 deleted ir.model.access records with IDs: [126] 
2026-04-03 13:17:49,525 174186 INFO eniemela_19 odoo.addons.base.models.ir_model: Deleting 238@ir.model.fields.selection (bus.selection__bus_presence__status__offline) 
2026-04-03 13:17:49,528 174186 INFO eniemela_19 odoo.models.unlink: User #1 deleted ir.model.data records with IDs: [4932] 
2026-04-03 13:17:49,529 174186 INFO eniemela_19 odoo.models.unlink: User #1 deleted ir.model.fields.selection records with IDs: [238] 
2026-04-03 13:17:49,531 174186 INFO eniemela_19 odoo.addons.base.models.ir_model: Deleting 237@ir.model.fields.selection (bus.selection__bus_presence__status__away) 
2026-04-03 13:17:49,535 174186 INFO eniemela_19 odoo.models.unlink: User #1 deleted ir.model.data records with IDs: [4931] 
2026-04-03 13:17:49,535 174186 INFO eniemela_19 odoo.models.unlink: User #1 deleted ir.model.fields.selection records with IDs: [237] 
2026-04-03 13:17:49,538 174186 INFO eniemela_19 odoo.addons.base.models.ir_model: Deleting 236@ir.model.fields.selection (bus.selection__bus_presence__status__online) 
2026-04-03 13:17:49,541 174186 INFO eniemela_19 odoo.models.unlink: User #1 deleted ir.model.data records with IDs: [4930] 
2026-04-03 13:17:49,542 174186 INFO eniemela_19 odoo.models.unlink: User #1 deleted ir.model.fields.selection records with IDs: [236] 
2026-04-03 13:17:49,545 174186 INFO eniemela_19 odoo.addons.base.models.ir_model: Deleting 1609@ir.model.fields (bus.field_bus_presence__display_name) 
2026-04-03 13:17:49,546 174186 WARNING eniemela_19 OpenUpgrade: Module Unknown: Not dropping the column of field display_name of model bus.presence 
2026-04-03 13:17:49,556 174186 INFO eniemela_19 odoo.models.unlink: User #1 deleted ir.model.data records with IDs: [4928] 
2026-04-03 13:17:49,557 174186 INFO eniemela_19 odoo.models.unlink: User #1 deleted ir.model.fields records with IDs: [1609] 
2026-04-03 13:17:49,562 174186 INFO eniemela_19 odoo.addons.base.models.ir_model: Deleting 1608@ir.model.fields (bus.field_bus_presence__id) 
2026-04-03 13:17:49,582 174186 INFO eniemela_19 odoo.models.unlink: User #1 deleted ir.model.data records with IDs: [4927] 
2026-04-03 13:17:49,583 174186 INFO eniemela_19 odoo.models.unlink: User #1 deleted ir.model.fields records with IDs: [1608] 
2026-04-03 13:17:49,586 174186 INFO eniemela_19 odoo.addons.base.models.ir_model: Deleting 1607@ir.model.fields (bus.field_bus_presence__status) 
2026-04-03 13:17:49,587 174186 WARNING eniemela_19 OpenUpgrade: Module Unknown: Not dropping the column of field status of model bus.presence 
2026-04-03 13:17:49,600 174186 INFO eniemela_19 odoo.models.unlink: User #1 deleted ir.model.data records with IDs: [4926] 
2026-04-03 13:17:49,600 174186 INFO eniemela_19 odoo.models.unlink: User #1 deleted ir.model.fields records with IDs: [1607] 
2026-04-03 13:17:49,603 174186 INFO eniemela_19 odoo.addons.base.models.ir_model: Deleting 1606@ir.model.fields (bus.field_bus_presence__last_presence) 
2026-04-03 13:17:49,604 174186 WARNING eniemela_19 OpenUpgrade: Module Unknown: Not dropping the column of field last_presence of model bus.presence 
2026-04-03 13:17:49,616 174186 INFO eniemela_19 odoo.models.unlink: User #1 deleted ir.model.data records with IDs: [4925] 
2026-04-03 13:17:49,617 174186 INFO eniemela_19 odoo.models.unlink: User #1 deleted ir.model.fields records with IDs: [1606] 
2026-04-03 13:17:49,621 174186 INFO eniemela_19 odoo.addons.base.models.ir_model: Deleting 1605@ir.model.fields (bus.field_bus_presence__last_poll) 
2026-04-03 13:17:49,622 174186 WARNING eniemela_19 OpenUpgrade: Module Unknown: Not dropping the column of field last_poll of model bus.presence 
2026-04-03 13:17:49,638 174186 INFO eniemela_19 odoo.models.unlink: User #1 deleted ir.model.data records with IDs: [4924] 
2026-04-03 13:17:49,639 174186 INFO eniemela_19 odoo.models.unlink: User #1 deleted ir.model.fields records with IDs: [1605] 
2026-04-03 13:17:49,643 174186 INFO eniemela_19 odoo.addons.base.models.ir_model: Deleting 1604@ir.model.fields (bus.field_bus_presence__user_id) 
2026-04-03 13:17:49,645 174186 WARNING eniemela_19 OpenUpgrade: Module Unknown: Not dropping the column of field user_id of model bus.presence 
2026-04-03 13:17:49,659 174186 INFO eniemela_19 odoo.models.unlink: User #1 deleted ir.model.data records with IDs: [4923] 
2026-04-03 13:17:49,660 174186 INFO eniemela_19 odoo.models.unlink: User #1 deleted ir.model.fields records with IDs: [1604] 
2026-04-03 13:17:49,663 174186 INFO eniemela_19 odoo.addons.base.models.ir_model: Deleting 129@ir.model (bus.model_bus_presence) 
2026-04-03 13:17:49,672 174186 INFO eniemela_19 odoo.models.unlink: User #1 deleted ir.model.data records with IDs: [4922, 90576] 
2026-04-03 13:17:49,672 174186 INFO eniemela_19 odoo.models.unlink: User #1 deleted ir.model records with IDs: [129] 
2026-04-03 13:17:49,674 174186 INFO eniemela_19 odoo.addons.base.models.ir_model: Deleting 1570@ir.model.fields (base_setup.field_res_config_settings__user_default_rights) 
2026-04-03 13:17:49,675 174186 WARNING eniemela_19 OpenUpgrade: Module Unknown: Not dropping the column of field user_default_rights of model res.config.settings 
2026-04-03 13:17:49,685 174186 INFO eniemela_19 odoo.models.unlink: User #1 deleted ir.model.data records with IDs: [4879] 
2026-04-03 13:17:49,685 174186 INFO eniemela_19 odoo.models.unlink: User #1 deleted ir.model.fields records with IDs: [1570] 
2026-04-03 13:17:49,687 174186 INFO eniemela_19 odoo.addons.base.models.ir_model: Deleting 118@ir.model.access (html_editor.access_web_editor_converter_test_sub) 
2026-04-03 13:17:49,689 174186 INFO eniemela_19 odoo.models.unlink: User #1 deleted ir.model.data records with IDs: [4764] 
2026-04-03 13:17:49,689 174186 INFO eniemela_19 odoo.models.unlink: User #1 deleted ir.model.access records with IDs: [118] 
2026-04-03 13:17:49,691 174186 INFO eniemela_19 odoo.addons.base.models.ir_model: Deleting 117@ir.model.access (html_editor.access_web_editor_converter_test) 
2026-04-03 13:17:49,693 174186 INFO eniemela_19 odoo.models.unlink: User #1 deleted ir.model.data records with IDs: [4763] 
2026-04-03 13:17:49,693 174186 INFO eniemela_19 odoo.models.unlink: User #1 deleted ir.model.access records with IDs: [117] 
2026-04-03 13:17:49,695 174186 INFO eniemela_19 odoo.addons.base.models.ir_model: Deleting 1538@ir.model.fields (html_editor.field_web_editor_converter_test_sub__write_date) 
2026-04-03 13:17:49,715 174186 INFO eniemela_19 odoo.models.unlink: User #1 deleted ir.model.data records with IDs: [4761] 
2026-04-03 13:17:49,716 174186 INFO eniemela_19 odoo.models.unlink: User #1 deleted ir.model.fields records with IDs: [1538] 
2026-04-03 13:17:49,719 174186 INFO eniemela_19 odoo.addons.base.models.ir_model: Deleting 1537@ir.model.fields (html_editor.field_web_editor_converter_test_sub__write_uid) 
2026-04-03 13:17:49,727 174186 INFO eniemela_19 odoo.models.unlink: User #1 deleted ir.model.data records with IDs: [4760] 
2026-04-03 13:17:49,727 174186 INFO eniemela_19 odoo.models.unlink: User #1 deleted ir.model.fields records with IDs: [1537] 
2026-04-03 13:17:49,729 174186 INFO eniemela_19 odoo.addons.base.models.ir_model: Deleting 1536@ir.model.fields (html_editor.field_web_editor_converter_test_sub__create_date) 
2026-04-03 13:17:49,737 174186 INFO eniemela_19 odoo.models.unlink: User #1 deleted ir.model.data records with IDs: [4759] 
2026-04-03 13:17:49,738 174186 INFO eniemela_19 odoo.models.unlink: User #1 deleted ir.model.fields records with IDs: [1536] 
2026-04-03 13:17:49,740 174186 INFO eniemela_19 odoo.addons.base.models.ir_model: Deleting 1535@ir.model.fields (html_editor.field_web_editor_converter_test_sub__create_uid) 
2026-04-03 13:17:49,749 174186 INFO eniemela_19 odoo.models.unlink: User #1 deleted ir.model.data records with IDs: [4758] 
2026-04-03 13:17:49,749 174186 INFO eniemela_19 odoo.models.unlink: User #1 deleted ir.model.fields records with IDs: [1535] 
2026-04-03 13:17:49,751 174186 INFO eniemela_19 odoo.addons.base.models.ir_model: Deleting 1534@ir.model.fields (html_editor.field_web_editor_converter_test_sub__display_name) 
2026-04-03 13:17:49,752 174186 WARNING eniemela_19 OpenUpgrade: Module Unknown: Not dropping the column of field display_name of model web_editor.converter.test.sub 
2026-04-03 13:17:49,759 174186 INFO eniemela_19 odoo.models.unlink: User #1 deleted ir.model.data records with IDs: [4757] 
2026-04-03 13:17:49,759 174186 INFO eniemela_19 odoo.models.unlink: User #1 deleted ir.model.fields records with IDs: [1534] 
2026-04-03 13:17:49,762 174186 INFO eniemela_19 odoo.addons.base.models.ir_model: Deleting 1533@ir.model.fields (html_editor.field_web_editor_converter_test_sub__id) 
2026-04-03 13:17:49,772 174186 INFO eniemela_19 odoo.models.unlink: User #1 deleted ir.model.data records with IDs: [4756] 
2026-04-03 13:17:49,773 174186 INFO eniemela_19 odoo.models.unlink: User #1 deleted ir.model.fields records with IDs: [1533] 
2026-04-03 13:17:49,775 174186 INFO eniemela_19 odoo.addons.base.models.ir_model: Deleting 1532@ir.model.fields (html_editor.field_web_editor_converter_test_sub__name) 
2026-04-03 13:17:49,776 174186 WARNING eniemela_19 OpenUpgrade: Module Unknown: Not dropping the column of field name of model web_editor.converter.test.sub 
2026-04-03 13:17:49,784 174186 INFO eniemela_19 odoo.models.unlink: User #1 deleted ir.model.data records with IDs: [4755] 
2026-04-03 13:17:49,785 174186 INFO eniemela_19 odoo.models.unlink: User #1 deleted ir.model.fields records with IDs: [1532] 
2026-04-03 13:17:49,787 174186 INFO eniemela_19 odoo.addons.base.models.ir_model: Deleting 124@ir.model (html_editor.model_web_editor_converter_test_sub) 
2026-04-03 13:17:49,789 174186 WARNING eniemela_19 OpenUpgrade: Module Unknown: Not dropping the column of field many2one of model web_editor.converter.test 
2026-04-03 13:17:49,797 174186 INFO eniemela_19 odoo.models.unlink: User #1 deleted ir.model.data records with IDs: [4736] 
2026-04-03 13:17:49,797 174186 INFO eniemela_19 odoo.models.unlink: User #1 deleted ir.model.fields records with IDs: [1518] 
2026-04-03 13:17:49,803 174186 INFO eniemela_19 odoo.models.unlink: User #1 deleted ir.model.data records with IDs: [4754] 
2026-04-03 13:17:49,803 174186 INFO eniemela_19 odoo.models.unlink: User #1 deleted ir.model records with IDs: [124] 
2026-04-03 13:17:49,805 174186 INFO eniemela_19 odoo.addons.base.models.ir_model: Deleting 226@ir.model.fields.selection (html_editor.selection__web_editor_converter_test__selection_str__d) 
2026-04-03 13:17:49,808 174186 INFO eniemela_19 odoo.models.unlink: User #1 deleted ir.model.data records with IDs: [4753] 
2026-04-03 13:17:49,808 174186 INFO eniemela_19 odoo.models.unlink: User #1 deleted ir.model.fields.selection records with IDs: [226] 
2026-04-03 13:17:49,810 174186 INFO eniemela_19 odoo.addons.base.models.ir_model: Deleting 225@ir.model.fields.selection (html_editor.selection__web_editor_converter_test__selection_str__c) 
2026-04-03 13:17:49,813 174186 INFO eniemela_19 odoo.models.unlink: User #1 deleted ir.model.data records with IDs: [4752] 
2026-04-03 13:17:49,813 174186 INFO eniemela_19 odoo.models.unlink: User #1 deleted ir.model.fields.selection records with IDs: [225] 
2026-04-03 13:17:49,818 174186 INFO eniemela_19 odoo.addons.base.models.ir_model: Deleting 224@ir.model.fields.selection (html_editor.selection__web_editor_converter_test__selection_str__b) 
2026-04-03 13:17:49,821 174186 INFO eniemela_19 odoo.models.unlink: User #1 deleted ir.model.data records with IDs: [4751] 
2026-04-03 13:17:49,821 174186 INFO eniemela_19 odoo.models.unlink: User #1 deleted ir.model.fields.selection records with IDs: [224] 
2026-04-03 13:17:49,823 174186 INFO eniemela_19 odoo.addons.base.models.ir_model: Deleting 227@ir.model.fields.selection (html_editor.selection__web_editor_converter_test__selection_str__a) 
2026-04-03 13:17:49,826 174186 INFO eniemela_19 odoo.models.unlink: User #1 deleted ir.model.data records with IDs: [4750] 
2026-04-03 13:17:49,826 174186 INFO eniemela_19 odoo.models.unlink: User #1 deleted ir.model.fields.selection records with IDs: [227] 
2026-04-03 13:17:49,828 174186 INFO eniemela_19 odoo.addons.base.models.ir_model: Deleting 1530@ir.model.fields (html_editor.field_web_editor_converter_test__write_date) 
2026-04-03 13:17:49,837 174186 INFO eniemela_19 odoo.models.unlink: User #1 deleted ir.model.data records with IDs: [4748] 
2026-04-03 13:17:49,837 174186 INFO eniemela_19 odoo.models.unlink: User #1 deleted ir.model.fields records with IDs: [1530] 
2026-04-03 13:17:49,839 174186 INFO eniemela_19 odoo.addons.base.models.ir_model: Deleting 1529@ir.model.fields (html_editor.field_web_editor_converter_test__write_uid) 
2026-04-03 13:17:49,847 174186 INFO eniemela_19 odoo.models.unlink: User #1 deleted ir.model.data records with IDs: [4747] 
2026-04-03 13:17:49,848 174186 INFO eniemela_19 odoo.models.unlink: User #1 deleted ir.model.fields records with IDs: [1529] 
2026-04-03 13:17:49,850 174186 INFO eniemela_19 odoo.addons.base.models.ir_model: Deleting 1528@ir.model.fields (html_editor.field_web_editor_converter_test__create_date) 
2026-04-03 13:17:49,860 174186 INFO eniemela_19 odoo.models.unlink: User #1 deleted ir.model.data records with IDs: [4746] 
2026-04-03 13:17:49,861 174186 INFO eniemela_19 odoo.models.unlink: User #1 deleted ir.model.fields records with IDs: [1528] 
2026-04-03 13:17:49,863 174186 INFO eniemela_19 odoo.addons.base.models.ir_model: Deleting 1527@ir.model.fields (html_editor.field_web_editor_converter_test__create_uid) 
2026-04-03 13:17:49,871 174186 INFO eniemela_19 odoo.models.unlink: User #1 deleted ir.model.data records with IDs: [4745] 
2026-04-03 13:17:49,872 174186 INFO eniemela_19 odoo.models.unlink: User #1 deleted ir.model.fields records with IDs: [1527] 
2026-04-03 13:17:49,874 174186 INFO eniemela_19 odoo.addons.base.models.ir_model: Deleting 1526@ir.model.fields (html_editor.field_web_editor_converter_test__display_name) 
2026-04-03 13:17:49,874 174186 WARNING eniemela_19 OpenUpgrade: Module Unknown: Not dropping the column of field display_name of model web_editor.converter.test 
2026-04-03 13:17:49,882 174186 INFO eniemela_19 odoo.models.unlink: User #1 deleted ir.model.data records with IDs: [4744] 
2026-04-03 13:17:49,883 174186 INFO eniemela_19 odoo.models.unlink: User #1 deleted ir.model.fields records with IDs: [1526] 
2026-04-03 13:17:49,885 174186 INFO eniemela_19 odoo.addons.base.models.ir_model: Deleting 1525@ir.model.fields (html_editor.field_web_editor_converter_test__id) 
2026-04-03 13:17:49,896 174186 INFO eniemela_19 odoo.models.unlink: User #1 deleted ir.model.data records with IDs: [4743] 
2026-04-03 13:17:49,897 174186 INFO eniemela_19 odoo.models.unlink: User #1 deleted ir.model.fields records with IDs: [1525] 
2026-04-03 13:17:49,901 174186 INFO eniemela_19 odoo.addons.base.models.ir_model: Deleting 1524@ir.model.fields (html_editor.field_web_editor_converter_test__text) 
2026-04-03 13:17:49,902 174186 WARNING eniemela_19 OpenUpgrade: Module Unknown: Not dropping the column of field text of model web_editor.converter.test 
2026-04-03 13:17:49,911 174186 INFO eniemela_19 odoo.models.unlink: User #1 deleted ir.model.data records with IDs: [4742] 
2026-04-03 13:17:49,912 174186 INFO eniemela_19 odoo.models.unlink: User #1 deleted ir.model.fields records with IDs: [1524] 
2026-04-03 13:17:49,914 174186 INFO eniemela_19 odoo.addons.base.models.ir_model: Deleting 1523@ir.model.fields (html_editor.field_web_editor_converter_test__html) 
2026-04-03 13:17:49,915 174186 WARNING eniemela_19 OpenUpgrade: Module Unknown: Not dropping the column of field html of model web_editor.converter.test 
2026-04-03 13:17:49,927 174186 INFO eniemela_19 odoo.models.unlink: User #1 deleted ir.model.data records with IDs: [4741] 
2026-04-03 13:17:49,927 174186 INFO eniemela_19 odoo.models.unlink: User #1 deleted ir.model.fields records with IDs: [1523] 
2026-04-03 13:17:49,933 174186 INFO eniemela_19 odoo.addons.base.models.ir_model: Deleting 1522@ir.model.fields (html_editor.field_web_editor_converter_test__selection_str) 
2026-04-03 13:17:49,936 174186 WARNING eniemela_19 OpenUpgrade: Module Unknown: Not dropping the column of field selection_str of model web_editor.converter.test 
2026-04-03 13:17:49,951 174186 INFO eniemela_19 odoo.models.unlink: User #1 deleted ir.model.data records with IDs: [4740] 
2026-04-03 13:17:49,952 174186 INFO eniemela_19 odoo.models.unlink: User #1 deleted ir.model.fields records with IDs: [1522] 
2026-04-03 13:17:49,957 174186 INFO eniemela_19 odoo.addons.base.models.ir_model: Deleting 1521@ir.model.fields (html_editor.field_web_editor_converter_test__datetime) 
2026-04-03 13:17:49,958 174186 WARNING eniemela_19 OpenUpgrade: Module Unknown: Not dropping the column of field datetime of model web_editor.converter.test 
2026-04-03 13:17:49,971 174186 INFO eniemela_19 odoo.models.unlink: User #1 deleted ir.model.data records with IDs: [4739] 
2026-04-03 13:17:49,971 174186 INFO eniemela_19 odoo.models.unlink: User #1 deleted ir.model.fields records with IDs: [1521] 
2026-04-03 13:17:49,974 174186 INFO eniemela_19 odoo.addons.base.models.ir_model: Deleting 1520@ir.model.fields (html_editor.field_web_editor_converter_test__date) 
2026-04-03 13:17:49,975 174186 WARNING eniemela_19 OpenUpgrade: Module Unknown: Not dropping the column of field date of model web_editor.converter.test 
2026-04-03 13:17:49,983 174186 INFO eniemela_19 odoo.models.unlink: User #1 deleted ir.model.data records with IDs: [4738] 
2026-04-03 13:17:49,983 174186 INFO eniemela_19 odoo.models.unlink: User #1 deleted ir.model.fields records with IDs: [1520] 
2026-04-03 13:17:49,985 174186 INFO eniemela_19 odoo.addons.base.models.ir_model: Deleting 1519@ir.model.fields (html_editor.field_web_editor_converter_test__binary) 
2026-04-03 13:17:49,986 174186 WARNING eniemela_19 OpenUpgrade: Module Unknown: Not dropping the column of field binary of model web_editor.converter.test 
2026-04-03 13:17:49,993 174186 INFO eniemela_19 odoo.models.unlink: User #1 deleted ir.model.data records with IDs: [4737] 
2026-04-03 13:17:49,993 174186 INFO eniemela_19 odoo.models.unlink: User #1 deleted ir.model.fields records with IDs: [1519] 
2026-04-03 13:17:49,995 174186 INFO eniemela_19 odoo.addons.base.models.ir_model: Deleting 1518@ir.model.fields (html_editor.field_web_editor_converter_test__many2one) 
2026-04-03 13:17:49,996 174186 INFO eniemela_19 odoo.addons.base.models.ir_model: Deleting 1517@ir.model.fields (html_editor.field_web_editor_converter_test__numeric) 
2026-04-03 13:17:49,996 174186 WARNING eniemela_19 OpenUpgrade: Module Unknown: Not dropping the column of field numeric of model web_editor.converter.test 
2026-04-03 13:17:50,007 174186 INFO eniemela_19 odoo.models.unlink: User #1 deleted ir.model.data records with IDs: [4735] 
2026-04-03 13:17:50,007 174186 INFO eniemela_19 odoo.models.unlink: User #1 deleted ir.model.fields records with IDs: [1517] 
2026-04-03 13:17:50,009 174186 INFO eniemela_19 odoo.addons.base.models.ir_model: Deleting 1516@ir.model.fields (html_editor.field_web_editor_converter_test__float) 
2026-04-03 13:17:50,010 174186 WARNING eniemela_19 OpenUpgrade: Module Unknown: Not dropping the column of field float of model web_editor.converter.test 
2026-04-03 13:17:50,017 174186 INFO eniemela_19 odoo.models.unlink: User #1 deleted ir.model.data records with IDs: [4734] 
2026-04-03 13:17:50,017 174186 INFO eniemela_19 odoo.models.unlink: User #1 deleted ir.model.fields records with IDs: [1516] 
2026-04-03 13:17:50,022 174186 INFO eniemela_19 odoo.addons.base.models.ir_model: Deleting 1515@ir.model.fields (html_editor.field_web_editor_converter_test__integer) 
2026-04-03 13:17:50,024 174186 WARNING eniemela_19 OpenUpgrade: Module Unknown: Not dropping the column of field integer of model web_editor.converter.test 
2026-04-03 13:17:50,037 174186 INFO eniemela_19 odoo.models.unlink: User #1 deleted ir.model.data records with IDs: [4733] 
2026-04-03 13:17:50,038 174186 INFO eniemela_19 odoo.models.unlink: User #1 deleted ir.model.fields records with IDs: [1515] 
2026-04-03 13:17:50,041 174186 INFO eniemela_19 odoo.addons.base.models.ir_model: Deleting 1514@ir.model.fields (html_editor.field_web_editor_converter_test__char) 
2026-04-03 13:17:50,042 174186 WARNING eniemela_19 OpenUpgrade: Module Unknown: Not dropping the column of field char of model web_editor.converter.test 
2026-04-03 13:17:50,050 174186 INFO eniemela_19 odoo.models.unlink: User #1 deleted ir.model.data records with IDs: [4732] 
2026-04-03 13:17:50,051 174186 INFO eniemela_19 odoo.models.unlink: User #1 deleted ir.model.fields records with IDs: [1514] 
2026-04-03 13:17:50,055 174186 INFO eniemela_19 odoo.addons.base.models.ir_model: Deleting 123@ir.model (html_editor.model_web_editor_converter_test) 
2026-04-03 13:17:50,065 174186 INFO eniemela_19 odoo.models.unlink: User #1 deleted ir.model.data records with IDs: [4731] 
2026-04-03 13:17:50,065 174186 INFO eniemela_19 odoo.models.unlink: User #1 deleted ir.model records with IDs: [123] 
2026-04-03 13:17:50,067 174186 INFO eniemela_19 odoo.addons.base.models.ir_model: Deleting 122@ir.model (html_editor.model_web_editor_assets) 
2026-04-03 13:17:50,072 174186 INFO eniemela_19 odoo.models.unlink: User #1 deleted ir.model.data records with IDs: [4727] 
2026-04-03 13:17:50,072 174186 INFO eniemela_19 odoo.models.unlink: User #1 deleted ir.model records with IDs: [122] 
2026-04-03 13:17:50,076 174186 INFO eniemela_19 odoo.addons.base.models.ir_model: Deleting 199@ir.ui.view (web.qunit_mobile_suite) 
2026-04-03 13:17:50,078 174186 INFO eniemela_19 odoo.models.unlink: User #1 deleted ir.model.data records with IDs: [4449] 
2026-04-03 13:17:50,078 174186 INFO eniemela_19 odoo.models.unlink: User #1 deleted ir.ui.view records with IDs: [199] 
2026-04-03 13:17:50,081 174186 INFO eniemela_19 odoo.addons.base.models.ir_model: Deleting 66@ir.model.access (base.access_res_partner_title_group_partner_manager) 
2026-04-03 13:17:50,083 174186 INFO eniemela_19 odoo.models.unlink: User #1 deleted ir.model.data records with IDs: [4353] 
2026-04-03 13:17:50,083 174186 INFO eniemela_19 odoo.models.unlink: User #1 deleted ir.model.access records with IDs: [66] 
2026-04-03 13:17:50,085 174186 INFO eniemela_19 odoo.addons.base.models.ir_model: Deleting 65@ir.model.access (base.access_res_partner_title_group_user) 
2026-04-03 13:17:50,088 174186 INFO eniemela_19 odoo.models.unlink: User #1 deleted ir.model.data records with IDs: [4352] 
2026-04-03 13:17:50,089 174186 INFO eniemela_19 odoo.models.unlink: User #1 deleted ir.model.access records with IDs: [65] 
2026-04-03 13:17:50,093 174186 INFO eniemela_19 odoo.addons.base.models.ir_model: Deleting 160@ir.ui.view (base.user_groups_view) 
2026-04-03 13:17:50,097 174186 INFO eniemela_19 odoo.models.unlink: User #1 deleted ir.model.data records with IDs: [4259] 
2026-04-03 13:17:50,098 174186 INFO eniemela_19 odoo.models.unlink: User #1 deleted ir.ui.view records with IDs: [160] 
2026-04-03 13:17:50,101 174186 INFO eniemela_19 odoo.addons.base.models.ir_model: Deleting 122@ir.ui.view (base.res_partner_view_form_private) 
2026-04-03 13:17:50,103 174186 INFO eniemela_19 odoo.models.unlink: User #1 deleted ir.model.data records with IDs: [4194] 
2026-04-03 13:17:50,103 174186 INFO eniemela_19 odoo.models.unlink: User #1 deleted ir.ui.view records with IDs: [122] 
2026-04-03 13:17:50,105 174186 INFO eniemela_19 odoo.addons.base.models.ir_model: Deleting 56@ir.actions.act_window (base.action_partner_title_contact) 
2026-04-03 13:17:50,108 174186 INFO eniemela_19 odoo.models.unlink: User #1 deleted ir.model.data records with IDs: [4188] 
2026-04-03 13:17:50,108 174186 INFO eniemela_19 odoo.models.unlink: User #1 deleted ir.actions.act_window records with IDs: [56] 
2026-04-03 13:17:50,110 174186 INFO eniemela_19 odoo.addons.base.models.ir_model: Deleting 116@ir.ui.view (base.view_partner_title_form) 
2026-04-03 13:17:50,113 174186 INFO eniemela_19 odoo.models.unlink: User #1 deleted ir.model.data records with IDs: [4187] 
2026-04-03 13:17:50,113 174186 INFO eniemela_19 odoo.models.unlink: User #1 deleted ir.ui.view records with IDs: [116] 
2026-04-03 13:17:50,115 174186 INFO eniemela_19 odoo.addons.base.models.ir_model: Deleting 115@ir.ui.view (base.view_partner_title_tree) 
2026-04-03 13:17:50,118 174186 INFO eniemela_19 odoo.models.unlink: User #1 deleted ir.model.data records with IDs: [4186] 
2026-04-03 13:17:50,118 174186 INFO eniemela_19 odoo.models.unlink: User #1 deleted ir.ui.view records with IDs: [115] 
2026-04-03 13:17:50,120 174186 INFO eniemela_19 odoo.addons.base.models.ir_model: Deleting 49@ir.module.category (base.module_category_usability) 
2026-04-03 13:17:50,123 174186 INFO eniemela_19 odoo.models.unlink: User #1 deleted ir.model.data records with IDs: [4094] 
2026-04-03 13:17:50,123 174186 INFO eniemela_19 odoo.models.unlink: User #1 deleted ir.module.category records with IDs: [49] 
2026-04-03 13:17:50,125 174186 INFO eniemela_19 odoo.addons.base.models.ir_model: Deleting 43@ir.module.category (base.module_category_user_type) 
2026-04-03 13:17:50,127 174186 INFO eniemela_19 odoo.models.unlink: User #1 deleted ir.model.data records with IDs: [4080] 
2026-04-03 13:17:50,127 174186 INFO eniemela_19 odoo.models.unlink: User #1 deleted ir.module.category records with IDs: [43] 
2026-04-03 13:17:50,130 174186 INFO eniemela_19 odoo.addons.base.models.ir_model: Deleting 1106@res.country.state (base.state_vn_VN-06) 
2026-04-03 13:17:50,132 174186 INFO eniemela_19 odoo.models.unlink: User #1 deleted ir.model.data records with IDs: [3832] 
2026-04-03 13:17:50,133 174186 INFO eniemela_19 odoo.models.unlink: User #1 deleted res.country.state records with IDs: [1106] 
2026-04-03 13:17:50,135 174186 INFO eniemela_19 odoo.addons.base.models.ir_model: Deleting 1105@res.country.state (base.state_vn_VN-70) 
2026-04-03 13:17:50,137 174186 INFO eniemela_19 odoo.models.unlink: User #1 deleted ir.model.data records with IDs: [3831] 
2026-04-03 13:17:50,137 174186 INFO eniemela_19 odoo.models.unlink: User #1 deleted res.country.state records with IDs: [1105] 
2026-04-03 13:17:50,139 174186 INFO eniemela_19 odoo.addons.base.models.ir_model: Deleting 1103@res.country.state (base.state_vn_VN-51) 
2026-04-03 13:17:50,141 174186 INFO eniemela_19 odoo.models.unlink: User #1 deleted ir.model.data records with IDs: [3829] 
2026-04-03 13:17:50,141 174186 INFO eniemela_19 odoo.models.unlink: User #1 deleted res.country.state records with IDs: [1103] 
2026-04-03 13:17:50,143 174186 INFO eniemela_19 odoo.addons.base.models.ir_model: Deleting 1097@res.country.state (base.state_vn_VN-46) 
2026-04-03 13:17:50,145 174186 INFO eniemela_19 odoo.models.unlink: User #1 deleted ir.model.data records with IDs: [3823] 
2026-04-03 13:17:50,145 174186 INFO eniemela_19 odoo.models.unlink: User #1 deleted res.country.state records with IDs: [1097] 
2026-04-03 13:17:50,147 174186 INFO eniemela_19 odoo.addons.base.models.ir_model: Deleting 1096@res.country.state (base.state_vn_VN-20) 
2026-04-03 13:17:50,149 174186 INFO eniemela_19 odoo.models.unlink: User #1 deleted ir.model.data records with IDs: [3822] 
2026-04-03 13:17:50,150 174186 INFO eniemela_19 odoo.models.unlink: User #1 deleted res.country.state records with IDs: [1096] 
2026-04-03 13:17:50,154 174186 INFO eniemela_19 odoo.addons.base.models.ir_model: Deleting 1095@res.country.state (base.state_vn_VN-52) 
2026-04-03 13:17:50,156 174186 INFO eniemela_19 odoo.models.unlink: User #1 deleted ir.model.data records with IDs: [3821] 
2026-04-03 13:17:50,157 174186 INFO eniemela_19 odoo.models.unlink: User #1 deleted res.country.state records with IDs: [1095] 
2026-04-03 13:17:50,159 174186 INFO eniemela_19 odoo.addons.base.models.ir_model: Deleting 1091@res.country.state (base.state_vn_VN-27) 
2026-04-03 13:17:50,161 174186 INFO eniemela_19 odoo.models.unlink: User #1 deleted ir.model.data records with IDs: [3817] 
2026-04-03 13:17:50,161 174186 INFO eniemela_19 odoo.models.unlink: User #1 deleted res.country.state records with IDs: [1091] 
2026-04-03 13:17:50,163 174186 INFO eniemela_19 odoo.addons.base.models.ir_model: Deleting 1089@res.country.state (base.state_vn_VN-24) 
2026-04-03 13:17:50,164 174186 INFO eniemela_19 odoo.models.unlink: User #1 deleted ir.model.data records with IDs: [3815] 
2026-04-03 13:17:50,165 174186 INFO eniemela_19 odoo.models.unlink: User #1 deleted res.country.state records with IDs: [1089] 
2026-04-03 13:17:50,167 174186 INFO eniemela_19 odoo.addons.base.models.ir_model: Deleting 1088@res.country.state (base.state_vn_VN-32) 
2026-04-03 13:17:50,170 174186 INFO eniemela_19 odoo.models.unlink: User #1 deleted ir.model.data records with IDs: [3814] 
2026-04-03 13:17:50,170 174186 INFO eniemela_19 odoo.models.unlink: User #1 deleted res.country.state records with IDs: [1088] 
2026-04-03 13:17:50,173 174186 INFO eniemela_19 odoo.addons.base.models.ir_model: Deleting 1086@res.country.state (base.state_vn_VN-36) 
2026-04-03 13:17:50,175 174186 INFO eniemela_19 odoo.models.unlink: User #1 deleted ir.model.data records with IDs: [3812] 
2026-04-03 13:17:50,176 174186 INFO eniemela_19 odoo.models.unlink: User #1 deleted res.country.state records with IDs: [1086] 
2026-04-03 13:17:50,178 174186 INFO eniemela_19 odoo.addons.base.models.ir_model: Deleting 1085@res.country.state (base.state_vn_VN-67) 
2026-04-03 13:17:50,181 174186 INFO eniemela_19 odoo.models.unlink: User #1 deleted ir.model.data records with IDs: [3811] 
2026-04-03 13:17:50,181 174186 INFO eniemela_19 odoo.models.unlink: User #1 deleted res.country.state records with IDs: [1085] 
2026-04-03 13:17:50,184 174186 INFO eniemela_19 odoo.addons.base.models.ir_model: Deleting 1078@res.country.state (base.state_vn_VN-41) 
2026-04-03 13:17:50,187 174186 INFO eniemela_19 odoo.models.unlink: User #1 deleted ir.model.data records with IDs: [3804] 
2026-04-03 13:17:50,187 174186 INFO eniemela_19 odoo.models.unlink: User #1 deleted res.country.state records with IDs: [1078] 
2026-04-03 13:17:50,190 174186 INFO eniemela_19 odoo.addons.base.models.ir_model: Deleting 1077@res.country.state (base.state_vn_VN-28) 
2026-04-03 13:17:50,192 174186 INFO eniemela_19 odoo.models.unlink: User #1 deleted ir.model.data records with IDs: [3803] 
2026-04-03 13:17:50,192 174186 INFO eniemela_19 odoo.models.unlink: User #1 deleted res.country.state records with IDs: [1077] 
2026-04-03 13:17:50,195 174186 INFO eniemela_19 odoo.addons.base.models.ir_model: Deleting 1075@res.country.state (base.state_vn_VN-47) 
2026-04-03 13:17:50,197 174186 INFO eniemela_19 odoo.models.unlink: User #1 deleted ir.model.data records with IDs: [3801] 
2026-04-03 13:17:50,198 174186 INFO eniemela_19 odoo.models.unlink: User #1 deleted res.country.state records with IDs: [1075] 
2026-04-03 13:17:50,200 174186 INFO eniemela_19 odoo.addons.base.models.ir_model: Deleting 1071@res.country.state (base.state_vn_VN-63) 
2026-04-03 13:17:50,202 174186 INFO eniemela_19 odoo.models.unlink: User #1 deleted ir.model.data records with IDs: [3797] 
2026-04-03 13:17:50,203 174186 INFO eniemela_19 odoo.models.unlink: User #1 deleted res.country.state records with IDs: [1071] 
2026-04-03 13:17:50,205 174186 INFO eniemela_19 odoo.addons.base.models.ir_model: Deleting 1069@res.country.state (base.state_vn_VN-03) 
2026-04-03 13:17:50,208 174186 INFO eniemela_19 odoo.models.unlink: User #1 deleted ir.model.data records with IDs: [3795] 
2026-04-03 13:17:50,208 174186 INFO eniemela_19 odoo.models.unlink: User #1 deleted res.country.state records with IDs: [1069] 
2026-04-03 13:17:50,211 174186 INFO eniemela_19 odoo.addons.base.models.ir_model: Deleting 1068@res.country.state (base.state_vn_VN-73) 
2026-04-03 13:17:50,213 174186 INFO eniemela_19 odoo.models.unlink: User #1 deleted ir.model.data records with IDs: [3794] 
2026-04-03 13:17:50,214 174186 INFO eniemela_19 odoo.models.unlink: User #1 deleted res.country.state records with IDs: [1068] 
2026-04-03 13:17:50,216 174186 INFO eniemela_19 odoo.addons.base.models.ir_model: Deleting 1067@res.country.state (base.state_vn_VN-61) 
2026-04-03 13:17:50,219 174186 INFO eniemela_19 odoo.models.unlink: User #1 deleted ir.model.data records with IDs: [3793] 
2026-04-03 13:17:50,219 174186 INFO eniemela_19 odoo.models.unlink: User #1 deleted res.country.state records with IDs: [1067] 
2026-04-03 13:17:50,221 174186 INFO eniemela_19 odoo.addons.base.models.ir_model: Deleting 1065@res.country.state (base.state_vn_VN-14) 
2026-04-03 13:17:50,224 174186 INFO eniemela_19 odoo.models.unlink: User #1 deleted ir.model.data records with IDs: [3791] 
2026-04-03 13:17:50,224 174186 INFO eniemela_19 odoo.models.unlink: User #1 deleted res.country.state records with IDs: [1065] 
2026-04-03 13:17:50,227 174186 INFO eniemela_19 odoo.addons.base.models.ir_model: Deleting 1062@res.country.state (base.state_vn_VN-72) 
2026-04-03 13:17:50,229 174186 INFO eniemela_19 odoo.models.unlink: User #1 deleted ir.model.data records with IDs: [3788] 
2026-04-03 13:17:50,229 174186 INFO eniemela_19 odoo.models.unlink: User #1 deleted res.country.state records with IDs: [1062] 
2026-04-03 13:17:50,232 174186 INFO eniemela_19 odoo.addons.base.models.ir_model: Deleting 1054@res.country.state (base.state_vn_VN-50) 
2026-04-03 13:17:50,234 174186 INFO eniemela_19 odoo.models.unlink: User #1 deleted ir.model.data records with IDs: [3780] 
2026-04-03 13:17:50,235 174186 INFO eniemela_19 odoo.models.unlink: User #1 deleted res.country.state records with IDs: [1054] 
2026-04-03 13:17:50,237 174186 INFO eniemela_19 odoo.addons.base.models.ir_model: Deleting 1053@res.country.state (base.state_vn_VN-40) 
2026-04-03 13:17:50,240 174186 INFO eniemela_19 odoo.models.unlink: User #1 deleted ir.model.data records with IDs: [3779] 
2026-04-03 13:17:50,240 174186 INFO eniemela_19 odoo.models.unlink: User #1 deleted res.country.state records with IDs: [1053] 
2026-04-03 13:17:50,243 174186 INFO eniemela_19 odoo.addons.base.models.ir_model: Deleting 1052@res.country.state (base.state_vn_VN-43) 
2026-04-03 13:17:50,245 174186 INFO eniemela_19 odoo.models.unlink: User #1 deleted ir.model.data records with IDs: [3778] 
2026-04-03 13:17:50,246 174186 INFO eniemela_19 odoo.models.unlink: User #1 deleted res.country.state records with IDs: [1052] 
2026-04-03 13:17:50,248 174186 INFO eniemela_19 odoo.addons.base.models.ir_model: Deleting 1051@res.country.state (base.state_vn_VN-58) 
2026-04-03 13:17:50,251 174186 INFO eniemela_19 odoo.models.unlink: User #1 deleted ir.model.data records with IDs: [3777] 
2026-04-03 13:17:50,251 174186 INFO eniemela_19 odoo.models.unlink: User #1 deleted res.country.state records with IDs: [1051] 
2026-04-03 13:17:50,254 174186 INFO eniemela_19 odoo.addons.base.models.ir_model: Deleting 1049@res.country.state (base.state_vn_VN-55) 
2026-04-03 13:17:50,256 174186 INFO eniemela_19 odoo.models.unlink: User #1 deleted ir.model.data records with IDs: [3775] 
2026-04-03 13:17:50,257 174186 INFO eniemela_19 odoo.models.unlink: User #1 deleted res.country.state records with IDs: [1049] 
2026-04-03 13:17:50,259 174186 INFO eniemela_19 odoo.addons.base.models.ir_model: Deleting 1048@res.country.state (base.state_vn_VN-53) 
2026-04-03 13:17:50,261 174186 INFO eniemela_19 odoo.models.unlink: User #1 deleted ir.model.data records with IDs: [3774] 
2026-04-03 13:17:50,262 174186 INFO eniemela_19 odoo.models.unlink: User #1 deleted res.country.state records with IDs: [1048] 
2026-04-03 13:17:50,264 174186 INFO eniemela_19 odoo.addons.base.models.ir_model: Deleting 1047@res.country.state (base.state_vn_VN-54) 
2026-04-03 13:17:50,267 174186 INFO eniemela_19 odoo.models.unlink: User #1 deleted ir.model.data records with IDs: [3773] 
2026-04-03 13:17:50,267 174186 INFO eniemela_19 odoo.models.unlink: User #1 deleted res.country.state records with IDs: [1047] 
2026-04-03 13:17:50,270 174186 INFO eniemela_19 odoo.addons.base.models.ir_model: Deleting 1046@res.country.state (base.state_vn_VN-31) 
2026-04-03 13:17:50,272 174186 INFO eniemela_19 odoo.models.unlink: User #1 deleted ir.model.data records with IDs: [3772] 
2026-04-03 13:17:50,272 174186 INFO eniemela_19 odoo.models.unlink: User #1 deleted res.country.state records with IDs: [1046] 
2026-04-03 13:17:50,275 174186 INFO eniemela_19 odoo.addons.base.models.ir_model: Deleting 1045@res.country.state (base.state_vn_VN-57) 
2026-04-03 13:17:50,278 174186 INFO eniemela_19 odoo.models.unlink: User #1 deleted ir.model.data records with IDs: [3771] 
2026-04-03 13:17:50,278 174186 INFO eniemela_19 odoo.models.unlink: User #1 deleted res.country.state records with IDs: [1045] 
2026-04-03 13:17:50,282 174186 INFO eniemela_19 odoo.addons.base.models.ir_model: Deleting 1271@ir.model.fields (base.field_base_module_uninstall__module_id) 
2026-04-03 13:17:50,283 174186 WARNING eniemela_19 OpenUpgrade: Module Unknown: Not dropping the column of field module_id of model base.module.uninstall 
2026-04-03 13:17:50,295 174186 INFO eniemela_19 odoo.models.unlink: User #1 deleted ir.model.data records with IDs: [2009] 
2026-04-03 13:17:50,295 174186 INFO eniemela_19 odoo.models.unlink: User #1 deleted ir.model.fields records with IDs: [1271] 
2026-04-03 13:17:50,298 174186 INFO eniemela_19 odoo.addons.base.models.ir_model: Deleting 1182@ir.model.fields (base.field_res_users__mobile) 
2026-04-03 13:17:50,299 174186 WARNING eniemela_19 OpenUpgrade: Module Unknown: Not dropping the column of field mobile of model res.users 
2026-04-03 13:17:50,308 174186 INFO eniemela_19 odoo.models.unlink: User #1 deleted ir.model.data records with IDs: [1905] 
2026-04-03 13:17:50,308 174186 INFO eniemela_19 odoo.models.unlink: User #1 deleted ir.model.fields records with IDs: [1182] 
2026-04-03 13:17:50,311 174186 INFO eniemela_19 odoo.addons.base.models.ir_model: Deleting 1152@ir.model.fields (base.field_res_users__title) 
2026-04-03 13:17:50,312 174186 WARNING eniemela_19 OpenUpgrade: Module Unknown: Not dropping the column of field title of model res.users 
2026-04-03 13:17:50,320 174186 INFO eniemela_19 odoo.models.unlink: User #1 deleted ir.model.data records with IDs: [1875] 
2026-04-03 13:17:50,321 174186 INFO eniemela_19 odoo.models.unlink: User #1 deleted ir.model.fields records with IDs: [1152] 
2026-04-03 13:17:50,324 174186 INFO eniemela_19 odoo.addons.base.models.ir_model: Deleting 1109@ir.model.fields (base.field_res_groups__trans_implied_ids) 
2026-04-03 13:17:50,325 174186 WARNING eniemela_19 OpenUpgrade: Module Unknown: Not dropping the column of field trans_implied_ids of model res.groups 
2026-04-03 13:17:50,334 174186 INFO eniemela_19 odoo.models.unlink: User #1 deleted ir.model.data records with IDs: [1829] 
2026-04-03 13:17:50,334 174186 INFO eniemela_19 odoo.models.unlink: User #1 deleted ir.model.fields records with IDs: [1109] 
2026-04-03 13:17:50,337 174186 INFO eniemela_19 odoo.addons.base.models.ir_model: Deleting 1105@ir.model.fields (base.field_res_groups__color) 
2026-04-03 13:17:50,338 174186 WARNING eniemela_19 OpenUpgrade: Module Unknown: Not dropping the column of field color of model res.groups 
2026-04-03 13:17:50,347 174186 INFO eniemela_19 odoo.models.unlink: User #1 deleted ir.model.data records with IDs: [1825] 
2026-04-03 13:17:50,347 174186 INFO eniemela_19 odoo.models.unlink: User #1 deleted ir.model.fields records with IDs: [1105] 
2026-04-03 13:17:50,349 174186 INFO eniemela_19 odoo.addons.base.models.ir_model: Deleting 1104@ir.model.fields (base.field_res_groups__category_id) 
2026-04-03 13:17:50,350 174186 WARNING eniemela_19 OpenUpgrade: Module Unknown: Not dropping the column of field category_id of model res.groups 
2026-04-03 13:17:50,362 174186 INFO eniemela_19 odoo.models.unlink: User #1 deleted ir.model.data records with IDs: [1824] 
2026-04-03 13:17:50,362 174186 INFO eniemela_19 odoo.models.unlink: User #1 deleted ir.model.fields records with IDs: [1104] 
2026-04-03 13:17:50,365 174186 INFO eniemela_19 odoo.addons.base.models.ir_model: Deleting 938@ir.model.fields (base.field_res_partner__mobile) 
2026-04-03 13:17:50,366 174186 WARNING eniemela_19 OpenUpgrade: Module Unknown: Not dropping the column of field mobile of model res.partner 
2026-04-03 13:17:50,375 174186 INFO eniemela_19 odoo.models.unlink: User #1 deleted ir.model.data records with IDs: [1623] 
2026-04-03 13:17:50,375 174186 INFO eniemela_19 odoo.models.unlink: User #1 deleted ir.model.fields records with IDs: [938] 
2026-04-03 13:17:50,377 174186 INFO eniemela_19 odoo.addons.base.models.ir_model: Deleting 906@ir.model.fields (base.field_res_partner__title) 
2026-04-03 13:17:50,378 174186 WARNING eniemela_19 OpenUpgrade: Module Unknown: Not dropping the column of field title of model res.partner 
2026-04-03 13:17:50,387 174186 INFO eniemela_19 odoo.models.unlink: User #1 deleted ir.model.data records with IDs: [1591] 
2026-04-03 13:17:50,388 174186 INFO eniemela_19 odoo.models.unlink: User #1 deleted ir.model.fields records with IDs: [906] 
2026-04-03 13:17:50,390 174186 INFO eniemela_19 odoo.addons.base.models.ir_model: Deleting 901@ir.model.fields (base.field_res_partner_title__write_date) 
2026-04-03 13:17:50,400 174186 INFO eniemela_19 odoo.models.unlink: User #1 deleted ir.model.data records with IDs: [1585] 
2026-04-03 13:17:50,400 174186 INFO eniemela_19 odoo.models.unlink: User #1 deleted ir.model.fields records with IDs: [901] 
2026-04-03 13:17:50,403 174186 INFO eniemela_19 odoo.addons.base.models.ir_model: Deleting 900@ir.model.fields (base.field_res_partner_title__write_uid) 
2026-04-03 13:17:50,413 174186 INFO eniemela_19 odoo.models.unlink: User #1 deleted ir.model.data records with IDs: [1584] 
2026-04-03 13:17:50,413 174186 INFO eniemela_19 odoo.models.unlink: User #1 deleted ir.model.fields records with IDs: [900] 
2026-04-03 13:17:50,416 174186 INFO eniemela_19 odoo.addons.base.models.ir_model: Deleting 899@ir.model.fields (base.field_res_partner_title__create_date) 
2026-04-03 13:17:50,428 174186 INFO eniemela_19 odoo.models.unlink: User #1 deleted ir.model.data records with IDs: [1583] 
2026-04-03 13:17:50,428 174186 INFO eniemela_19 odoo.models.unlink: User #1 deleted ir.model.fields records with IDs: [899] 
2026-04-03 13:17:50,431 174186 INFO eniemela_19 odoo.addons.base.models.ir_model: Deleting 898@ir.model.fields (base.field_res_partner_title__create_uid) 
2026-04-03 13:17:50,441 174186 INFO eniemela_19 odoo.models.unlink: User #1 deleted ir.model.data records with IDs: [1582] 
2026-04-03 13:17:50,441 174186 INFO eniemela_19 odoo.models.unlink: User #1 deleted ir.model.fields records with IDs: [898] 
2026-04-03 13:17:50,444 174186 INFO eniemela_19 odoo.addons.base.models.ir_model: Deleting 897@ir.model.fields (base.field_res_partner_title__display_name) 
2026-04-03 13:17:50,445 174186 WARNING eniemela_19 OpenUpgrade: Module Unknown: Not dropping the column of field display_name of model res.partner.title 
2026-04-03 13:17:50,454 174186 INFO eniemela_19 odoo.models.unlink: User #1 deleted ir.model.data records with IDs: [1581] 
2026-04-03 13:17:50,454 174186 INFO eniemela_19 odoo.models.unlink: User #1 deleted ir.model.fields records with IDs: [897] 
2026-04-03 13:17:50,457 174186 INFO eniemela_19 odoo.addons.base.models.ir_model: Deleting 896@ir.model.fields (base.field_res_partner_title__id) 
2026-04-03 13:17:50,467 174186 INFO eniemela_19 odoo.models.unlink: User #1 deleted ir.model.data records with IDs: [1580] 
2026-04-03 13:17:50,467 174186 INFO eniemela_19 odoo.models.unlink: User #1 deleted ir.model.fields records with IDs: [896] 
2026-04-03 13:17:50,470 174186 INFO eniemela_19 odoo.addons.base.models.ir_model: Deleting 895@ir.model.fields (base.field_res_partner_title__shortcut) 
2026-04-03 13:17:50,471 174186 WARNING eniemela_19 OpenUpgrade: Module Unknown: Not dropping the column of field shortcut of model res.partner.title 
2026-04-03 13:17:50,480 174186 INFO eniemela_19 odoo.models.unlink: User #1 deleted ir.model.data records with IDs: [1579] 
2026-04-03 13:17:50,480 174186 INFO eniemela_19 odoo.models.unlink: User #1 deleted ir.model.fields records with IDs: [895] 
2026-04-03 13:17:50,483 174186 INFO eniemela_19 odoo.addons.base.models.ir_model: Deleting 894@ir.model.fields (base.field_res_partner_title__name) 
2026-04-03 13:17:50,484 174186 WARNING eniemela_19 OpenUpgrade: Module Unknown: Not dropping the column of field name of model res.partner.title 
2026-04-03 13:17:50,495 174186 INFO eniemela_19 odoo.models.unlink: User #1 deleted ir.model.data records with IDs: [1578] 
2026-04-03 13:17:50,496 174186 INFO eniemela_19 odoo.models.unlink: User #1 deleted ir.model.fields records with IDs: [894] 
2026-04-03 13:17:50,498 174186 INFO eniemela_19 odoo.addons.base.models.ir_model: Deleting 77@ir.model (base.model_res_partner_title) 
2026-04-03 13:17:50,502 174186 INFO eniemela_19 odoo.models.unlink: User #1 deleted ir.model.data records with IDs: [2198, 2195, 2196, 2197, 2199] 
2026-04-03 13:17:50,508 174186 INFO eniemela_19 odoo.models.unlink: User #1 deleted ir.model.data records with IDs: [1577] 
2026-04-03 13:17:50,509 174186 INFO eniemela_19 odoo.models.unlink: User #1 deleted ir.model records with IDs: [77] 
2026-04-03 13:17:50,511 174186 INFO eniemela_19 odoo.addons.base.models.ir_model: Deleting 59@ir.model.constraint (base.constraint_ir_filters_name_model_uid_unique) 
2026-04-03 13:17:50,513 174186 INFO eniemela_19 odoo.addons.base.models.ir_model: Dropped CONSTRAINT ir_filters_name_model_uid_unique@ir.filters 
2026-04-03 13:17:50,515 174186 INFO eniemela_19 odoo.models.unlink: User #1 deleted ir.model.data records with IDs: [1024] 
2026-04-03 13:17:50,516 174186 INFO eniemela_19 odoo.models.unlink: User #1 deleted ir.model.constraint records with IDs: [59] 
2026-04-03 13:17:50,519 174186 INFO eniemela_19 odoo.addons.base.models.ir_model: Deleting 479@ir.model.fields (base.field_ir_filters__user_id) 
2026-04-03 13:17:50,519 174186 WARNING eniemela_19 OpenUpgrade: Module Unknown: Not dropping the column of field user_id of model ir.filters 
2026-04-03 13:17:50,529 174186 INFO eniemela_19 odoo.models.unlink: User #1 deleted ir.model.data records with IDs: [1009] 
2026-04-03 13:17:50,529 174186 INFO eniemela_19 odoo.models.unlink: User #1 deleted ir.model.fields records with IDs: [479] 
2026-04-03 13:17:50,532 174186 INFO eniemela_19 odoo.addons.base.models.ir_model: Deleting 472@ir.model.fields (base.field_ir_cron__groups_id) 
2026-04-03 13:17:50,533 174186 WARNING eniemela_19 OpenUpgrade: Module Unknown: Not dropping the column of field groups_id of model ir.cron 
2026-04-03 13:17:50,542 174186 INFO eniemela_19 odoo.models.unlink: User #1 deleted ir.model.data records with IDs: [996] 
2026-04-03 13:17:50,543 174186 INFO eniemela_19 odoo.models.unlink: User #1 deleted ir.model.fields records with IDs: [472] 
2026-04-03 13:17:50,552 174186 INFO eniemela_19 odoo.addons.base.models.ir_model: Deleting 49@ir.model.fields.selection (base.selection__ir_actions_act_window__target__inline) 
2026-04-03 13:17:50,560 174186 INFO eniemela_19 odoo.models.unlink: User #1 deleted ir.model.data records with IDs: [750] 
2026-04-03 13:17:50,561 174186 INFO eniemela_19 odoo.models.unlink: User #1 deleted ir.model.fields.selection records with IDs: [49] 
2026-04-03 13:17:50,567 174186 INFO eniemela_19 odoo.addons.base.models.ir_model: Deleting 27@ir.model.fields (base.field_ir_model_fields__complete_name) 
2026-04-03 13:17:50,568 174186 WARNING eniemela_19 OpenUpgrade: Module Unknown: Not dropping the column of field complete_name of model ir.model.fields 
2026-04-03 13:17:50,582 174186 INFO eniemela_19 odoo.models.unlink: User #1 deleted ir.model.data records with IDs: [431] 
2026-04-03 13:17:50,583 174186 INFO eniemela_19 odoo.models.unlink: User #1 deleted ir.model.fields records with IDs: [27] 
2026-04-03 13:17:50,590 174186 INFO eniemela_19 odoo.models.unlink: User #1 deleted ir.model.data records with IDs: [340810, 90576, 5860, 4938, 4935, 4736, 1855, 1818, 914, 827, 732, 662, 617] 
2026-04-03 13:17:50,698 174186 INFO eniemela_19 odoo.modules.loading: Modules loaded. 
2026-04-03 13:17:50,734 174186 INFO eniemela_19 odoo.registry: Registry changed, signaling through the database 
2026-04-03 13:17:50,737 174186 INFO eniemela_19 odoo.registry: Registry loaded in 15.424s 
2026-04-03 13:17:50,738 174186 INFO eniemela_19 odoo.service.server: Initiating shutdown 
2026-04-03 13:17:50,738 174186 INFO eniemela_19 odoo.service.server: Hit CTRL-C again or send a second signal to force the shutdown. 
2026-04-03 13:17:50,738 174186 INFO eniemela_19 odoo.sql_db: ConnectionPool(read/write;used=0/count=0/max=64): Closed 1 connections  
